shipment_id,item_id,quantity,direction,timestamp
SHP00000,ITM0386,60,Outbound,2024-03-30
SHP00001,ITM0265,54,Inbound,2024-08-19
SHP00002,ITM0097,30,Outbound,2025-04-01
SHP00003,ITM0344,84,Outbound,2024-08-20
SHP00004,ITM0290,38,Inbound,2024-12-19
SHP00005,ITM0207,28,Inbound,2024-11-28
SHP00006,ITM0001,25,Outbound,2025-03-14
SHP00007,ITM0123,96,Outbound,2025-01-09
SHP00008,ITM0279,10,Outbound,2024-10-18
SHP00009,ITM0073,60,Outbound,2024-12-10
SHP00010,ITM0165,42,Inbound,2025-03-03
SHP00011,ITM0021,40,Inbound,2024-05-09
SHP00012,ITM0153,97,Outbound,2024-05-20
SHP00013,ITM0426,77,Inbound,2025-02-18
SHP00014,ITM0438,42,Outbound,2024-04-02
SHP00015,ITM0294,47,Outbound,2024-10-10
SHP00016,ITM0218,37,Inbound,2024-08-10
SHP00017,ITM0156,80,Outbound,2025-04-07
SHP00018,ITM0494,22,Outbound,2025-06-28
SHP00019,ITM0229,57,Inbound,2024-10-02
SHP00020,ITM0019,84,Inbound,2024-05-19
SHP00021,ITM0474,27,Outbound,2024-12-22
SHP00022,ITM0040,41,Outbound,2024-01-23
SHP00023,ITM0437,80,Inbound,2024-09-26
SHP00024,ITM0147,34,Outbound,2024-11-28
SHP00025,ITM0107,32,Outbound,2024-03-25
SHP00026,ITM0402,90,Inbound,2024-01-31
SHP00027,ITM0083,89,Inbound,2024-08-27
SHP00028,ITM0482,66,Inbound,2024-12-28
SHP00029,ITM0366,12,Inbound,2025-01-23
SHP00030,ITM0321,40,Inbound,2024-10-25
SHP00031,ITM0413,73,Inbound,2025-01-05
SHP00032,ITM0308,76,Outbound,2024-04-08
SHP00033,ITM0289,90,Outbound,2024-02-16
SHP00034,ITM0405,73,Inbound,2025-02-25
SHP00035,ITM0322,10,Inbound,2025-04-24
SHP00036,ITM0133,96,Outbound,2024-03-02
SHP00037,ITM0206,98,Outbound,2024-04-18
SHP00038,ITM0282,48,Outbound,2025-07-02
SHP00039,ITM0265,20,Inbound,2024-04-28
SHP00040,ITM0072,39,Inbound,2025-01-16
SHP00041,ITM0480,60,Outbound,2025-01-26
SHP00042,ITM0351,66,Inbound,2024-02-21
SHP00043,ITM0047,65,Inbound,2024-10-15
SHP00044,ITM0325,51,Inbound,2024-12-02
SHP00045,ITM0232,36,Outbound,2024-07-22
SHP00046,ITM0442,24,Outbound,2024-08-25
SHP00047,ITM0099,27,Inbound,2025-01-16
SHP00048,ITM0058,2,Inbound,2024-05-15
SHP00049,ITM0257,31,Inbound,2025-02-10
SHP00050,ITM0412,57,Inbound,2025-05-22
SHP00051,ITM0451,78,Inbound,2024-12-27
SHP00052,ITM0064,66,Outbound,2025-01-15
SHP00053,ITM0082,29,Inbound,2025-07-29
SHP00054,ITM0153,15,Inbound,2024-09-10
SHP00055,ITM0472,12,Inbound,2025-04-21
SHP00056,ITM0265,28,Outbound,2024-04-23
SHP00057,ITM0308,84,Outbound,2024-01-20
SHP00058,ITM0078,24,Inbound,2025-06-11
SHP00059,ITM0314,21,Outbound,2024-05-24
SHP00060,ITM0149,10,Outbound,2024-07-26
SHP00061,ITM0434,78,Outbound,2025-06-14
SHP00062,ITM0047,18,Outbound,2025-01-10
SHP00063,ITM0404,88,Outbound,2025-05-18
SHP00064,ITM0378,14,Outbound,2024-06-14
SHP00065,ITM0247,34,Inbound,2025-07-03
SHP00066,ITM0277,58,Outbound,2024-06-29
SHP00067,ITM0355,76,Outbound,2025-03-19
SHP00068,ITM0097,22,Inbound,2024-11-27
SHP00069,ITM0413,70,Inbound,2025-05-17
SHP00070,ITM0024,36,Inbound,2024-03-19
SHP00071,ITM0492,45,Inbound,2025-01-30
SHP00072,ITM0283,36,Outbound,2024-04-12
SHP00073,ITM0448,22,Outbound,2025-02-05
SHP00074,ITM0368,78,Outbound,2024-08-11
SHP00075,ITM0300,80,Outbound,2025-06-01
SHP00076,ITM0067,61,Inbound,2024-08-23
SHP00077,ITM0006,56,Outbound,2025-03-02
SHP00078,ITM0304,89,Outbound,2024-04-25
SHP00079,ITM0136,96,Inbound,2024-06-11
SHP00080,ITM0163,33,Outbound,2024-08-13
SHP00081,ITM0082,45,Outbound,2024-08-17
SHP00082,ITM0384,36,Outbound,2024-06-30
SHP00083,ITM0137,20,Outbound,2024-09-05
SHP00084,ITM0419,18,Inbound,2024-11-13
SHP00085,ITM0072,38,Inbound,2024-07-28
SHP00086,ITM0236,67,Inbound,2025-01-26
SHP00087,ITM0045,23,Inbound,2024-04-05
SHP00088,ITM0105,96,Inbound,2024-03-26
SHP00089,ITM0415,16,Outbound,2025-02-18
SHP00090,ITM0287,59,Outbound,2025-01-28
SHP00091,ITM0261,69,Inbound,2025-05-15
SHP00092,ITM0175,68,Inbound,2024-05-12
SHP00093,ITM0165,21,Inbound,2024-11-09
SHP00094,ITM0144,78,Outbound,2024-08-08
SHP00095,ITM0329,95,Inbound,2025-03-13
SHP00096,ITM0369,78,Outbound,2024-02-15
SHP00097,ITM0282,70,Outbound,2024-07-10
SHP00098,ITM0053,12,Outbound,2025-06-03
SHP00099,ITM0177,16,Outbound,2025-01-13
SHP00100,ITM0418,81,Inbound,2024-11-29
SHP00101,ITM0243,87,Outbound,2024-02-08
SHP00102,ITM0340,14,Outbound,2024-10-19
SHP00103,ITM0126,61,Inbound,2024-06-10
SHP00104,ITM0408,71,Outbound,2024-11-26
SHP00105,ITM0411,46,Outbound,2024-04-13
SHP00106,ITM0366,32,Outbound,2024-06-09
SHP00107,ITM0270,15,Inbound,2024-02-23
SHP00108,ITM0131,44,Outbound,2024-02-03
SHP00109,ITM0092,17,Outbound,2024-08-29
SHP00110,ITM0378,41,Inbound,2024-04-22
SHP00111,ITM0072,54,Inbound,2024-11-13
SHP00112,ITM0410,44,Outbound,2024-01-23
SHP00113,ITM0409,98,Outbound,2025-07-11
SHP00114,ITM0402,5,Inbound,2024-04-27
SHP00115,ITM0247,27,Outbound,2024-07-30
SHP00116,ITM0347,87,Inbound,2025-02-21
SHP00117,ITM0272,78,Outbound,2024-04-22
SHP00118,ITM0042,79,Inbound,2024-02-13
SHP00119,ITM0376,43,Outbound,2024-05-07
SHP00120,ITM0040,97,Inbound,2024-06-06
SHP00121,ITM0169,31,Inbound,2025-01-28
SHP00122,ITM0433,99,Inbound,2025-05-26
SHP00123,ITM0211,17,Inbound,2024-02-14
SHP00124,ITM0492,92,Inbound,2024-04-17
SHP00125,ITM0167,83,Outbound,2024-08-06
SHP00126,ITM0038,54,Outbound,2025-03-18
SHP00127,ITM0368,62,Inbound,2024-11-10
SHP00128,ITM0244,87,Outbound,2024-06-25
SHP00129,ITM0150,32,Outbound,2024-08-15
SHP00130,ITM0110,40,Outbound,2024-09-23
SHP00131,ITM0479,13,Outbound,2025-01-13
SHP00132,ITM0435,84,Outbound,2025-05-03
SHP00133,ITM0046,35,Outbound,2024-10-16
SHP00134,ITM0062,5,Inbound,2024-12-22
SHP00135,ITM0224,73,Outbound,2024-07-22
SHP00136,ITM0365,29,Outbound,2024-07-31
SHP00137,ITM0068,70,Outbound,2025-07-05
SHP00138,ITM0298,25,Inbound,2024-11-18
SHP00139,ITM0431,95,Outbound,2024-06-29
SHP00140,ITM0289,22,Outbound,2025-05-13
SHP00141,ITM0295,66,Outbound,2024-11-15
SHP00142,ITM0202,45,Inbound,2024-03-23
SHP00143,ITM0060,69,Outbound,2024-10-29
SHP00144,ITM0433,91,Inbound,2024-09-18
SHP00145,ITM0450,89,Outbound,2024-07-18
SHP00146,ITM0317,72,Inbound,2024-08-27
SHP00147,ITM0313,1,Inbound,2024-10-21
SHP00148,ITM0160,84,Inbound,2025-05-26
SHP00149,ITM0330,44,Outbound,2025-01-30
SHP00150,ITM0015,87,Inbound,2024-05-17
SHP00151,ITM0337,96,Inbound,2024-05-08
SHP00152,ITM0093,75,Inbound,2024-02-18
SHP00153,ITM0303,39,Inbound,2024-10-19
SHP00154,ITM0137,54,Outbound,2025-06-19
SHP00155,ITM0337,88,Outbound,2024-11-06
SHP00156,ITM0037,75,Outbound,2025-06-20
SHP00157,ITM0126,29,Outbound,2024-08-21
SHP00158,ITM0274,54,Inbound,2024-07-27
SHP00159,ITM0163,90,Outbound,2024-04-03
SHP00160,ITM0442,16,Inbound,2024-11-22
SHP00161,ITM0318,99,Outbound,2024-08-12
SHP00162,ITM0076,20,Outbound,2024-01-11
SHP00163,ITM0173,46,Outbound,2024-11-24
SHP00164,ITM0386,67,Inbound,2024-01-12
SHP00165,ITM0457,65,Outbound,2024-02-04
SHP00166,ITM0357,58,Outbound,2025-03-22
SHP00167,ITM0320,53,Outbound,2025-03-27
SHP00168,ITM0375,1,Inbound,2024-08-07
SHP00169,ITM0090,81,Outbound,2025-03-16
SHP00170,ITM0237,66,Outbound,2025-06-18
SHP00171,ITM0263,29,Inbound,2024-08-16
SHP00172,ITM0178,84,Inbound,2024-12-09
SHP00173,ITM0493,70,Outbound,2024-03-20
SHP00174,ITM0489,8,Outbound,2024-12-18
SHP00175,ITM0208,29,Outbound,2025-01-30
SHP00176,ITM0072,51,Inbound,2024-10-16
SHP00177,ITM0389,33,Inbound,2025-03-30
SHP00178,ITM0106,3,Inbound,2024-05-07
SHP00179,ITM0344,60,Outbound,2025-06-26
SHP00180,ITM0294,35,Inbound,2024-12-24
SHP00181,ITM0368,69,Outbound,2025-06-10
SHP00182,ITM0443,91,Inbound,2024-11-08
SHP00183,ITM0283,76,Inbound,2024-03-15
SHP00184,ITM0352,84,Inbound,2025-06-29
SHP00185,ITM0181,20,Outbound,2024-07-14
SHP00186,ITM0036,73,Outbound,2024-01-29
SHP00187,ITM0136,39,Outbound,2024-01-16
SHP00188,ITM0337,4,Outbound,2025-02-26
SHP00189,ITM0055,19,Inbound,2025-02-08
SHP00190,ITM0186,91,Outbound,2025-06-14
SHP00191,ITM0340,45,Inbound,2024-03-17
SHP00192,ITM0257,43,Outbound,2024-08-16
SHP00193,ITM0444,13,Outbound,2024-10-23
SHP00194,ITM0057,13,Inbound,2025-05-24
SHP00195,ITM0362,60,Inbound,2025-07-26
SHP00196,ITM0122,57,Outbound,2025-06-21
SHP00197,ITM0187,86,Outbound,2024-11-21
SHP00198,ITM0229,92,Inbound,2024-12-28
SHP00199,ITM0167,52,Inbound,2024-12-24
SHP00200,ITM0419,53,Inbound,2024-11-19
SHP00201,ITM0113,86,Inbound,2024-11-21
SHP00202,ITM0251,43,Inbound,2024-06-13
SHP00203,ITM0106,83,Outbound,2025-07-26
SHP00204,ITM0036,72,Outbound,2025-03-30
SHP00205,ITM0334,72,Outbound,2024-06-01
SHP00206,ITM0091,42,Outbound,2024-05-06
SHP00207,ITM0017,90,Inbound,2024-07-11
SHP00208,ITM0353,26,Inbound,2025-06-13
SHP00209,ITM0062,23,Inbound,2024-01-10
SHP00210,ITM0149,43,Outbound,2024-04-01
SHP00211,ITM0138,77,Inbound,2024-05-18
SHP00212,ITM0185,28,Inbound,2025-04-25
SHP00213,ITM0184,9,Outbound,2025-03-24
SHP00214,ITM0204,20,Outbound,2024-11-28
SHP00215,ITM0259,56,Outbound,2024-12-05
SHP00216,ITM0213,83,Inbound,2024-02-21
SHP00217,ITM0255,39,Inbound,2025-04-10
SHP00218,ITM0134,51,Outbound,2025-04-19
SHP00219,ITM0060,12,Outbound,2025-02-04
SHP00220,ITM0362,79,Inbound,2025-03-14
SHP00221,ITM0309,95,Outbound,2025-05-23
SHP00222,ITM0087,55,Inbound,2024-06-01
SHP00223,ITM0323,78,Outbound,2025-05-28
SHP00224,ITM0475,11,Outbound,2025-05-17
SHP00225,ITM0206,26,Outbound,2024-01-06
SHP00226,ITM0128,42,Inbound,2025-05-14
SHP00227,ITM0310,27,Inbound,2024-04-27
SHP00228,ITM0002,11,Outbound,2025-04-29
SHP00229,ITM0461,38,Inbound,2025-04-12
SHP00230,ITM0421,98,Outbound,2024-06-09
SHP00231,ITM0241,43,Outbound,2024-09-26
SHP00232,ITM0120,19,Inbound,2024-02-25
SHP00233,ITM0384,64,Inbound,2024-08-15
SHP00234,ITM0101,6,Inbound,2024-05-28
SHP00235,ITM0037,46,Inbound,2024-02-15
SHP00236,ITM0340,42,Outbound,2024-05-23
SHP00237,ITM0495,92,Inbound,2024-12-05
SHP00238,ITM0412,65,Inbound,2025-02-16
SHP00239,ITM0132,99,Outbound,2025-06-03
SHP00240,ITM0496,72,Outbound,2024-12-09
SHP00241,ITM0201,59,Outbound,2025-01-21
SHP00242,ITM0347,52,Outbound,2025-04-17
SHP00243,ITM0020,47,Inbound,2024-10-01
SHP00244,ITM0241,7,Inbound,2024-12-18
SHP00245,ITM0454,11,Outbound,2024-03-06
SHP00246,ITM0450,61,Outbound,2024-03-19
SHP00247,ITM0108,68,Inbound,2024-07-20
SHP00248,ITM0302,25,Inbound,2025-07-11
SHP00249,ITM0083,12,Inbound,2024-04-22
SHP00250,ITM0082,26,Inbound,2024-03-31
SHP00251,ITM0290,12,Inbound,2024-05-20
SHP00252,ITM0451,43,Outbound,2024-10-15
SHP00253,ITM0068,51,Outbound,2025-02-14
SHP00254,ITM0128,37,Outbound,2025-01-11
SHP00255,ITM0195,46,Outbound,2025-01-18
SHP00256,ITM0139,53,Inbound,2024-05-31
SHP00257,ITM0443,88,Outbound,2024-11-14
SHP00258,ITM0282,80,Inbound,2025-01-03
SHP00259,ITM0311,13,Inbound,2025-07-13
SHP00260,ITM0233,89,Inbound,2025-04-06
SHP00261,ITM0022,54,Inbound,2024-01-12
SHP00262,ITM0152,57,Inbound,2024-06-04
SHP00263,ITM0276,4,Inbound,2025-04-21
SHP00264,ITM0060,75,Inbound,2025-02-04
SHP00265,ITM0318,96,Outbound,2024-06-25
SHP00266,ITM0377,49,Inbound,2024-12-06
SHP00267,ITM0051,7,Outbound,2024-02-26
SHP00268,ITM0343,11,Outbound,2025-03-23
SHP00269,ITM0152,92,Inbound,2024-07-21
SHP00270,ITM0236,54,Inbound,2024-07-20
SHP00271,ITM0310,87,Outbound,2024-11-25
SHP00272,ITM0301,45,Outbound,2024-12-28
SHP00273,ITM0031,23,Outbound,2025-03-29
SHP00274,ITM0054,28,Outbound,2024-12-21
SHP00275,ITM0351,57,Inbound,2024-08-03
SHP00276,ITM0388,26,Inbound,2025-07-08
SHP00277,ITM0035,25,Inbound,2024-01-23
SHP00278,ITM0109,54,Outbound,2024-06-03
SHP00279,ITM0489,29,Inbound,2024-07-04
SHP00280,ITM0176,83,Outbound,2024-09-05
SHP00281,ITM0361,97,Inbound,2024-05-13
SHP00282,ITM0313,36,Outbound,2024-11-16
SHP00283,ITM0294,14,Inbound,2025-01-24
SHP00284,ITM0335,78,Inbound,2025-03-09
SHP00285,ITM0096,35,Outbound,2024-01-22
SHP00286,ITM0368,30,Outbound,2024-05-04
SHP00287,ITM0212,92,Outbound,2024-03-19
SHP00288,ITM0316,17,Outbound,2024-02-20
SHP00289,ITM0136,67,Outbound,2024-06-24
SHP00290,ITM0005,80,Inbound,2024-09-09
SHP00291,ITM0498,30,Outbound,2024-09-02
SHP00292,ITM0108,93,Inbound,2024-04-15
SHP00293,ITM0034,45,Inbound,2024-07-11
SHP00294,ITM0038,79,Inbound,2024-11-11
SHP00295,ITM0149,89,Inbound,2024-10-28
SHP00296,ITM0424,51,Inbound,2025-07-01
SHP00297,ITM0117,47,Outbound,2024-09-24
SHP00298,ITM0260,53,Outbound,2024-06-18
SHP00299,ITM0425,64,Inbound,2025-07-04
SHP00300,ITM0086,38,Inbound,2025-03-30
SHP00301,ITM0464,64,Outbound,2024-10-18
SHP00302,ITM0075,87,Outbound,2025-07-17
SHP00303,ITM0470,89,Inbound,2024-05-20
SHP00304,ITM0463,7,Outbound,2024-05-25
SHP00305,ITM0450,22,Outbound,2025-02-28
SHP00306,ITM0413,81,Outbound,2024-11-09
SHP00307,ITM0312,82,Inbound,2024-07-02
SHP00308,ITM0382,41,Outbound,2024-05-07
SHP00309,ITM0213,74,Inbound,2024-10-13
SHP00310,ITM0456,10,Inbound,2024-09-09
SHP00311,ITM0284,57,Inbound,2025-01-20
SHP00312,ITM0238,7,Inbound,2024-08-17
SHP00313,ITM0164,50,Inbound,2024-09-27
SHP00314,ITM0086,91,Outbound,2025-02-18
SHP00315,ITM0140,52,Inbound,2024-07-16
SHP00316,ITM0159,33,Inbound,2024-11-18
SHP00317,ITM0045,1,Inbound,2024-02-25
SHP00318,ITM0371,53,Outbound,2024-07-21
SHP00319,ITM0494,60,Outbound,2024-05-17
SHP00320,ITM0111,34,Outbound,2025-02-25
SHP00321,ITM0406,4,Outbound,2024-02-26
SHP00322,ITM0044,17,Outbound,2025-07-15
SHP00323,ITM0400,4,Outbound,2024-03-11
SHP00324,ITM0246,43,Outbound,2025-01-06
SHP00325,ITM0103,90,Inbound,2025-05-28
SHP00326,ITM0084,4,Inbound,2024-03-24
SHP00327,ITM0449,1,Outbound,2024-02-12
SHP00328,ITM0484,71,Inbound,2024-05-12
SHP00329,ITM0133,94,Inbound,2025-01-29
SHP00330,ITM0107,50,Outbound,2024-03-05
SHP00331,ITM0017,73,Inbound,2024-10-16
SHP00332,ITM0093,61,Inbound,2025-01-10
SHP00333,ITM0149,35,Outbound,2025-04-11
SHP00334,ITM0245,8,Inbound,2024-07-31
SHP00335,ITM0288,24,Outbound,2024-05-27
SHP00336,ITM0413,83,Outbound,2025-07-26
SHP00337,ITM0208,36,Inbound,2025-04-15
SHP00338,ITM0125,50,Inbound,2024-05-28
SHP00339,ITM0234,43,Inbound,2024-03-28
SHP00340,ITM0415,27,Outbound,2024-11-19
SHP00341,ITM0425,32,Outbound,2025-01-30
SHP00342,ITM0498,78,Outbound,2025-02-07
SHP00343,ITM0461,18,Inbound,2024-03-22
SHP00344,ITM0121,28,Inbound,2024-10-12
SHP00345,ITM0137,29,Outbound,2025-01-16
SHP00346,ITM0494,16,Inbound,2024-09-26
SHP00347,ITM0114,99,Inbound,2024-10-18
SHP00348,ITM0419,47,Outbound,2025-03-28
SHP00349,ITM0161,59,Outbound,2024-01-24
SHP00350,ITM0200,31,Inbound,2024-11-06
SHP00351,ITM0233,4,Outbound,2025-04-05
SHP00352,ITM0027,37,Inbound,2024-07-26
SHP00353,ITM0010,17,Outbound,2025-03-13
SHP00354,ITM0205,39,Outbound,2025-06-21
SHP00355,ITM0166,48,Outbound,2024-12-01
SHP00356,ITM0246,46,Inbound,2025-02-25
SHP00357,ITM0046,90,Inbound,2024-11-16
SHP00358,ITM0245,48,Outbound,2025-05-11
SHP00359,ITM0126,39,Outbound,2024-06-11
SHP00360,ITM0146,4,Outbound,2025-06-24
SHP00361,ITM0117,30,Inbound,2024-06-13
SHP00362,ITM0398,30,Outbound,2025-07-19
SHP00363,ITM0381,22,Outbound,2024-10-21
SHP00364,ITM0411,75,Outbound,2024-02-11
SHP00365,ITM0151,66,Outbound,2024-10-11
SHP00366,ITM0071,12,Inbound,2025-01-21
SHP00367,ITM0362,94,Inbound,2024-05-17
SHP00368,ITM0136,36,Outbound,2024-07-05
SHP00369,ITM0174,18,Inbound,2025-03-06
SHP00370,ITM0288,90,Inbound,2025-07-07
SHP00371,ITM0445,53,Inbound,2025-02-19
SHP00372,ITM0480,71,Outbound,2025-03-01
SHP00373,ITM0018,1,Inbound,2025-02-19
SHP00374,ITM0194,58,Inbound,2024-01-26
SHP00375,ITM0329,90,Inbound,2025-01-05
SHP00376,ITM0423,87,Outbound,2025-01-19
SHP00377,ITM0174,90,Outbound,2024-02-25
SHP00378,ITM0489,6,Inbound,2024-09-09
SHP00379,ITM0448,70,Inbound,2024-04-15
SHP00380,ITM0412,44,Outbound,2024-05-09
SHP00381,ITM0433,72,Outbound,2025-01-10
SHP00382,ITM0353,24,Inbound,2024-11-03
SHP00383,ITM0498,86,Inbound,2024-03-31
SHP00384,ITM0140,19,Outbound,2025-01-27
SHP00385,ITM0245,18,Outbound,2025-06-17
SHP00386,ITM0384,95,Inbound,2024-04-19
SHP00387,ITM0417,30,Outbound,2025-07-14
SHP00388,ITM0092,42,Inbound,2024-12-05
SHP00389,ITM0431,33,Inbound,2025-07-18
SHP00390,ITM0238,74,Inbound,2024-12-21
SHP00391,ITM0204,12,Outbound,2024-06-16
SHP00392,ITM0047,94,Inbound,2025-07-10
SHP00393,ITM0432,27,Inbound,2025-03-27
SHP00394,ITM0244,39,Outbound,2024-04-14
SHP00395,ITM0319,9,Outbound,2024-05-29
SHP00396,ITM0316,21,Inbound,2024-05-25
SHP00397,ITM0412,76,Inbound,2024-10-25
SHP00398,ITM0294,29,Outbound,2024-06-15
SHP00399,ITM0127,33,Outbound,2024-02-17
SHP00400,ITM0343,62,Outbound,2024-08-26
SHP00401,ITM0281,15,Inbound,2024-01-07
SHP00402,ITM0016,2,Inbound,2025-04-08
SHP00403,ITM0070,52,Inbound,2025-03-28
SHP00404,ITM0268,44,Outbound,2025-01-05
SHP00405,ITM0324,54,Inbound,2025-07-02
SHP00406,ITM0281,18,Outbound,2025-05-01
SHP00407,ITM0304,3,Inbound,2024-07-29
SHP00408,ITM0450,7,Outbound,2024-06-13
SHP00409,ITM0006,43,Inbound,2024-05-04
SHP00410,ITM0313,82,Inbound,2024-12-02
SHP00411,ITM0304,38,Outbound,2024-07-10
SHP00412,ITM0102,37,Outbound,2024-08-01
SHP00413,ITM0308,58,Inbound,2025-07-27
SHP00414,ITM0192,33,Outbound,2024-11-23
SHP00415,ITM0240,59,Outbound,2025-01-15
SHP00416,ITM0061,95,Inbound,2025-07-31
SHP00417,ITM0016,11,Outbound,2024-08-26
SHP00418,ITM0170,68,Inbound,2025-06-15
SHP00419,ITM0024,82,Inbound,2024-03-22
SHP00420,ITM0250,68,Outbound,2024-12-28
SHP00421,ITM0252,98,Outbound,2025-05-19
SHP00422,ITM0386,93,Inbound,2024-07-20
SHP00423,ITM0206,88,Inbound,2025-05-18
SHP00424,ITM0028,22,Inbound,2024-02-06
SHP00425,ITM0116,66,Inbound,2025-02-05
SHP00426,ITM0490,44,Inbound,2024-06-24
SHP00427,ITM0415,6,Inbound,2025-06-28
SHP00428,ITM0281,42,Outbound,2025-07-23
SHP00429,ITM0379,25,Outbound,2025-04-11
SHP00430,ITM0143,57,Outbound,2024-07-19
SHP00431,ITM0024,85,Inbound,2025-06-23
SHP00432,ITM0309,55,Outbound,2025-06-30
SHP00433,ITM0155,16,Inbound,2025-01-28
SHP00434,ITM0072,95,Inbound,2024-02-11
SHP00435,ITM0119,14,Outbound,2025-01-27
SHP00436,ITM0311,39,Inbound,2025-03-16
SHP00437,ITM0320,28,Inbound,2025-05-20
SHP00438,ITM0092,96,Inbound,2024-11-15
SHP00439,ITM0085,92,Inbound,2025-07-06
SHP00440,ITM0335,51,Inbound,2024-08-02
SHP00441,ITM0424,49,Inbound,2024-03-11
SHP00442,ITM0498,9,Outbound,2025-07-21
SHP00443,ITM0363,58,Inbound,2024-08-23
SHP00444,ITM0434,45,Inbound,2024-10-07
SHP00445,ITM0117,22,Inbound,2024-06-10
SHP00446,ITM0232,32,Inbound,2024-07-09
SHP00447,ITM0198,69,Outbound,2024-01-09
SHP00448,ITM0205,87,Outbound,2024-02-29
SHP00449,ITM0412,69,Inbound,2024-08-12
SHP00450,ITM0338,42,Inbound,2024-10-13
SHP00451,ITM0146,53,Inbound,2024-06-17
SHP00452,ITM0449,96,Outbound,2024-03-02
SHP00453,ITM0424,59,Outbound,2024-12-14
SHP00454,ITM0428,74,Outbound,2025-03-17
SHP00455,ITM0270,39,Outbound,2024-01-14
SHP00456,ITM0386,15,Inbound,2024-06-12
SHP00457,ITM0138,71,Outbound,2025-02-23
SHP00458,ITM0180,29,Outbound,2025-06-03
SHP00459,ITM0429,3,Inbound,2025-07-01
SHP00460,ITM0029,83,Inbound,2025-07-13
SHP00461,ITM0056,10,Outbound,2024-01-28
SHP00462,ITM0231,92,Outbound,2025-03-21
SHP00463,ITM0145,29,Outbound,2024-07-26
SHP00464,ITM0434,79,Outbound,2025-04-14
SHP00465,ITM0383,35,Inbound,2024-04-13
SHP00466,ITM0047,6,Inbound,2025-03-01
SHP00467,ITM0193,12,Outbound,2024-04-10
SHP00468,ITM0223,38,Outbound,2025-06-24
SHP00469,ITM0135,77,Outbound,2025-06-05
SHP00470,ITM0021,93,Outbound,2024-04-15
SHP00471,ITM0005,19,Outbound,2024-10-03
SHP00472,ITM0203,67,Inbound,2024-03-05
SHP00473,ITM0238,8,Inbound,2024-07-06
SHP00474,ITM0184,8,Inbound,2024-11-12
SHP00475,ITM0359,84,Outbound,2024-05-17
SHP00476,ITM0291,47,Outbound,2024-12-08
SHP00477,ITM0334,4,Inbound,2024-04-14
SHP00478,ITM0219,51,Inbound,2025-06-29
SHP00479,ITM0115,85,Outbound,2025-01-14
SHP00480,ITM0312,67,Inbound,2024-04-19
SHP00481,ITM0048,45,Outbound,2025-06-28
SHP00482,ITM0172,8,Outbound,2024-12-19
SHP00483,ITM0081,87,Inbound,2024-11-12
SHP00484,ITM0321,16,Inbound,2024-09-22
SHP00485,ITM0332,77,Inbound,2024-03-05
SHP00486,ITM0044,67,Outbound,2024-11-28
SHP00487,ITM0334,9,Outbound,2025-05-27
SHP00488,ITM0019,60,Inbound,2024-05-12
SHP00489,ITM0447,78,Outbound,2025-06-23
SHP00490,ITM0220,77,Outbound,2025-06-18
SHP00491,ITM0122,71,Outbound,2025-05-10
SHP00492,ITM0233,15,Inbound,2025-01-03
SHP00493,ITM0220,71,Outbound,2024-04-08
SHP00494,ITM0322,98,Inbound,2024-11-12
SHP00495,ITM0338,41,Inbound,2024-05-02
SHP00496,ITM0002,22,Outbound,2024-11-15
SHP00497,ITM0181,24,Inbound,2025-05-09
SHP00498,ITM0205,44,Outbound,2025-04-01
SHP00499,ITM0319,1,Inbound,2025-06-05
SHP00500,ITM0039,10,Inbound,2025-06-03
SHP00501,ITM0058,80,Outbound,2024-11-10
SHP00502,ITM0438,72,Inbound,2025-06-25
SHP00503,ITM0061,56,Inbound,2025-04-23
SHP00504,ITM0131,89,Inbound,2024-01-20
SHP00505,ITM0059,50,Outbound,2025-07-13
SHP00506,ITM0371,12,Outbound,2024-05-09
SHP00507,ITM0330,89,Inbound,2024-10-19
SHP00508,ITM0121,81,Inbound,2024-05-11
SHP00509,ITM0478,60,Inbound,2024-12-21
SHP00510,ITM0106,26,Outbound,2024-02-23
SHP00511,ITM0095,78,Outbound,2025-01-21
SHP00512,ITM0346,41,Inbound,2024-09-21
SHP00513,ITM0413,36,Outbound,2024-08-02
SHP00514,ITM0234,23,Outbound,2025-04-04
SHP00515,ITM0385,43,Outbound,2025-04-02
SHP00516,ITM0061,6,Outbound,2024-02-12
SHP00517,ITM0255,69,Inbound,2024-10-04
SHP00518,ITM0048,43,Outbound,2024-05-09
SHP00519,ITM0392,25,Outbound,2024-12-15
SHP00520,ITM0347,18,Inbound,2025-06-27
SHP00521,ITM0158,62,Inbound,2024-04-15
SHP00522,ITM0123,13,Outbound,2024-01-01
SHP00523,ITM0481,43,Outbound,2025-03-07
SHP00524,ITM0316,78,Inbound,2024-11-01
SHP00525,ITM0206,28,Inbound,2025-06-10
SHP00526,ITM0047,18,Inbound,2024-02-22
SHP00527,ITM0408,59,Outbound,2025-06-03
SHP00528,ITM0419,60,Outbound,2024-11-25
SHP00529,ITM0135,63,Inbound,2025-07-11
SHP00530,ITM0200,57,Outbound,2024-11-20
SHP00531,ITM0249,92,Inbound,2024-04-23
SHP00532,ITM0313,51,Outbound,2024-05-26
SHP00533,ITM0356,56,Inbound,2024-06-14
SHP00534,ITM0367,27,Inbound,2025-01-13
SHP00535,ITM0428,32,Outbound,2024-05-18
SHP00536,ITM0317,9,Outbound,2024-10-25
SHP00537,ITM0294,96,Outbound,2024-10-02
SHP00538,ITM0479,84,Outbound,2024-06-26
SHP00539,ITM0313,92,Outbound,2024-12-19
SHP00540,ITM0499,97,Outbound,2024-06-02
SHP00541,ITM0208,68,Inbound,2024-07-19
SHP00542,ITM0354,46,Outbound,2024-04-24
SHP00543,ITM0484,98,Inbound,2025-07-07
SHP00544,ITM0210,67,Inbound,2024-03-08
SHP00545,ITM0191,26,Outbound,2025-03-20
SHP00546,ITM0043,8,Inbound,2025-03-20
SHP00547,ITM0028,6,Inbound,2024-11-21
SHP00548,ITM0058,80,Outbound,2024-12-24
SHP00549,ITM0070,24,Outbound,2024-05-24
SHP00550,ITM0091,48,Outbound,2024-10-01
SHP00551,ITM0264,94,Inbound,2025-05-23
SHP00552,ITM0382,45,Outbound,2024-06-27
SHP00553,ITM0219,13,Outbound,2025-04-21
SHP00554,ITM0389,69,Outbound,2025-02-17
SHP00555,ITM0412,25,Outbound,2024-06-01
SHP00556,ITM0441,20,Inbound,2024-04-13
SHP00557,ITM0400,82,Outbound,2024-03-15
SHP00558,ITM0399,82,Inbound,2024-05-07
SHP00559,ITM0214,66,Outbound,2025-07-21
SHP00560,ITM0478,74,Inbound,2024-12-10
SHP00561,ITM0386,45,Inbound,2025-06-14
SHP00562,ITM0276,47,Inbound,2024-06-07
SHP00563,ITM0063,63,Outbound,2025-06-21
SHP00564,ITM0345,76,Inbound,2025-03-01
SHP00565,ITM0291,77,Outbound,2024-01-23
SHP00566,ITM0489,55,Outbound,2024-02-16
SHP00567,ITM0484,75,Outbound,2025-06-08
SHP00568,ITM0244,19,Outbound,2024-05-23
SHP00569,ITM0469,35,Outbound,2025-02-22
SHP00570,ITM0061,53,Inbound,2024-03-25
SHP00571,ITM0425,26,Outbound,2025-02-19
SHP00572,ITM0331,14,Inbound,2025-04-26
SHP00573,ITM0169,45,Inbound,2025-03-31
SHP00574,ITM0444,44,Inbound,2024-10-23
SHP00575,ITM0268,88,Inbound,2024-04-21
SHP00576,ITM0266,65,Inbound,2024-08-17
SHP00577,ITM0053,51,Inbound,2024-04-05
SHP00578,ITM0015,43,Inbound,2025-01-12
SHP00579,ITM0007,86,Outbound,2024-06-04
SHP00580,ITM0103,23,Inbound,2025-02-24
SHP00581,ITM0058,56,Outbound,2024-04-14
SHP00582,ITM0312,19,Inbound,2024-11-25
SHP00583,ITM0039,82,Inbound,2025-03-14
SHP00584,ITM0236,76,Inbound,2024-05-11
SHP00585,ITM0442,55,Inbound,2025-01-16
SHP00586,ITM0385,92,Outbound,2024-05-17
SHP00587,ITM0093,92,Outbound,2024-09-26
SHP00588,ITM0221,60,Outbound,2025-07-03
SHP00589,ITM0203,59,Inbound,2025-01-30
SHP00590,ITM0137,33,Inbound,2025-07-10
SHP00591,ITM0299,19,Inbound,2025-04-08
SHP00592,ITM0394,28,Outbound,2025-03-25
SHP00593,ITM0206,52,Inbound,2024-11-26
SHP00594,ITM0335,49,Outbound,2024-09-09
SHP00595,ITM0080,37,Outbound,2024-10-11
SHP00596,ITM0217,26,Inbound,2024-09-30
SHP00597,ITM0001,99,Inbound,2024-01-20
SHP00598,ITM0177,98,Outbound,2024-08-26
SHP00599,ITM0395,99,Outbound,2024-09-26
SHP00600,ITM0370,40,Outbound,2025-02-21
SHP00601,ITM0345,80,Inbound,2024-11-05
SHP00602,ITM0278,38,Inbound,2024-01-31
SHP00603,ITM0145,77,Inbound,2024-04-13
SHP00604,ITM0317,87,Inbound,2024-07-04
SHP00605,ITM0223,54,Inbound,2024-05-07
SHP00606,ITM0368,22,Inbound,2024-07-28
SHP00607,ITM0383,16,Outbound,2025-02-17
SHP00608,ITM0061,28,Outbound,2024-10-07
SHP00609,ITM0293,35,Outbound,2024-09-09
SHP00610,ITM0238,60,Inbound,2024-01-19
SHP00611,ITM0194,45,Outbound,2024-05-15
SHP00612,ITM0165,46,Inbound,2024-08-10
SHP00613,ITM0450,72,Inbound,2024-01-03
SHP00614,ITM0221,55,Outbound,2024-08-23
SHP00615,ITM0060,86,Inbound,2025-04-09
SHP00616,ITM0128,85,Outbound,2024-08-15
SHP00617,ITM0477,26,Outbound,2025-05-13
SHP00618,ITM0172,85,Inbound,2025-06-04
SHP00619,ITM0479,25,Outbound,2024-05-18
SHP00620,ITM0155,65,Outbound,2024-10-02
SHP00621,ITM0404,6,Outbound,2024-10-17
SHP00622,ITM0377,23,Outbound,2024-02-22
SHP00623,ITM0109,64,Inbound,2024-04-19
SHP00624,ITM0268,87,Outbound,2024-01-04
SHP00625,ITM0410,43,Outbound,2024-02-16
SHP00626,ITM0355,23,Outbound,2024-04-03
SHP00627,ITM0390,96,Inbound,2025-07-13
SHP00628,ITM0277,30,Outbound,2024-07-31
SHP00629,ITM0073,77,Inbound,2025-03-11
SHP00630,ITM0486,18,Outbound,2025-05-22
SHP00631,ITM0436,87,Outbound,2024-07-23
SHP00632,ITM0462,79,Outbound,2025-01-15
SHP00633,ITM0206,97,Inbound,2024-03-13
SHP00634,ITM0387,21,Inbound,2025-05-30
SHP00635,ITM0479,57,Inbound,2024-03-16
SHP00636,ITM0278,23,Inbound,2024-03-17
SHP00637,ITM0374,91,Inbound,2025-02-13
SHP00638,ITM0325,45,Inbound,2024-04-15
SHP00639,ITM0471,44,Outbound,2025-07-04
SHP00640,ITM0339,82,Inbound,2025-04-20
SHP00641,ITM0356,88,Outbound,2024-10-01
SHP00642,ITM0339,47,Inbound,2024-03-28
SHP00643,ITM0203,40,Inbound,2024-03-17
SHP00644,ITM0160,51,Inbound,2024-03-17
SHP00645,ITM0027,42,Outbound,2025-03-17
SHP00646,ITM0391,7,Inbound,2025-06-23
SHP00647,ITM0256,50,Inbound,2024-09-01
SHP00648,ITM0164,48,Outbound,2025-07-31
SHP00649,ITM0062,84,Outbound,2025-01-16
SHP00650,ITM0021,91,Outbound,2025-07-23
SHP00651,ITM0069,6,Outbound,2024-05-21
SHP00652,ITM0380,91,Inbound,2025-01-02
SHP00653,ITM0404,9,Outbound,2024-03-24
SHP00654,ITM0095,57,Inbound,2024-05-22
SHP00655,ITM0162,31,Inbound,2024-12-17
SHP00656,ITM0078,21,Outbound,2025-06-28
SHP00657,ITM0004,90,Inbound,2024-05-31
SHP00658,ITM0315,40,Outbound,2024-06-06
SHP00659,ITM0119,45,Inbound,2025-03-21
SHP00660,ITM0301,77,Outbound,2024-10-29
SHP00661,ITM0177,49,Outbound,2025-03-25
SHP00662,ITM0175,87,Outbound,2024-08-11
SHP00663,ITM0389,20,Outbound,2024-02-12
SHP00664,ITM0216,92,Outbound,2024-09-20
SHP00665,ITM0055,17,Outbound,2024-01-03
SHP00666,ITM0365,28,Inbound,2024-09-24
SHP00667,ITM0186,41,Inbound,2024-01-16
SHP00668,ITM0231,66,Inbound,2024-11-29
SHP00669,ITM0254,25,Outbound,2025-04-08
SHP00670,ITM0412,58,Inbound,2024-02-28
SHP00671,ITM0454,41,Outbound,2024-06-25
SHP00672,ITM0103,6,Inbound,2024-03-03
SHP00673,ITM0076,75,Inbound,2025-07-14
SHP00674,ITM0229,38,Outbound,2024-11-02
SHP00675,ITM0401,6,Inbound,2024-09-02
SHP00676,ITM0257,45,Inbound,2024-10-15
SHP00677,ITM0263,75,Inbound,2024-11-27
SHP00678,ITM0330,14,Outbound,2025-06-10
SHP00679,ITM0480,66,Inbound,2024-09-11
SHP00680,ITM0181,40,Outbound,2025-05-24
SHP00681,ITM0380,3,Inbound,2025-04-07
SHP00682,ITM0255,99,Inbound,2024-07-17
SHP00683,ITM0037,97,Inbound,2024-09-27
SHP00684,ITM0175,24,Inbound,2025-07-11
SHP00685,ITM0026,19,Outbound,2024-03-04
SHP00686,ITM0275,18,Inbound,2024-08-17
SHP00687,ITM0139,64,Outbound,2024-09-05
SHP00688,ITM0298,88,Outbound,2024-09-02
SHP00689,ITM0444,35,Inbound,2024-06-05
SHP00690,ITM0286,62,Inbound,2025-07-17
SHP00691,ITM0090,1,Outbound,2024-03-28
SHP00692,ITM0479,25,Outbound,2024-11-08
SHP00693,ITM0060,45,Inbound,2024-03-06
SHP00694,ITM0457,49,Inbound,2024-01-20
SHP00695,ITM0450,98,Inbound,2024-02-02
SHP00696,ITM0364,89,Inbound,2025-07-11
SHP00697,ITM0346,16,Inbound,2024-03-13
SHP00698,ITM0162,98,Outbound,2024-12-08
SHP00699,ITM0350,93,Inbound,2024-05-12
SHP00700,ITM0142,19,Inbound,2024-02-24
SHP00701,ITM0399,23,Outbound,2024-03-01
SHP00702,ITM0252,83,Inbound,2025-06-03
SHP00703,ITM0268,25,Inbound,2024-09-28
SHP00704,ITM0368,16,Outbound,2024-09-02
SHP00705,ITM0290,54,Inbound,2024-06-24
SHP00706,ITM0499,73,Outbound,2024-11-12
SHP00707,ITM0458,1,Inbound,2024-05-10
SHP00708,ITM0186,42,Inbound,2024-04-11
SHP00709,ITM0404,19,Inbound,2024-11-05
SHP00710,ITM0498,97,Outbound,2024-10-18
SHP00711,ITM0437,34,Outbound,2025-05-09
SHP00712,ITM0458,80,Outbound,2024-12-26
SHP00713,ITM0413,55,Outbound,2024-12-03
SHP00714,ITM0303,18,Inbound,2024-01-10
SHP00715,ITM0290,34,Outbound,2024-02-18
SHP00716,ITM0085,89,Outbound,2025-05-01
SHP00717,ITM0165,45,Outbound,2024-11-16
SHP00718,ITM0414,6,Inbound,2025-07-22
SHP00719,ITM0461,21,Inbound,2024-05-12
SHP00720,ITM0407,70,Outbound,2024-03-23
SHP00721,ITM0113,96,Outbound,2024-02-26
SHP00722,ITM0432,48,Inbound,2025-01-10
SHP00723,ITM0479,39,Outbound,2024-12-14
SHP00724,ITM0355,31,Outbound,2024-09-27
SHP00725,ITM0415,10,Outbound,2025-04-27
SHP00726,ITM0182,30,Outbound,2024-04-20
SHP00727,ITM0206,18,Inbound,2024-03-16
SHP00728,ITM0255,60,Inbound,2024-06-06
SHP00729,ITM0234,88,Inbound,2025-06-15
SHP00730,ITM0441,73,Outbound,2024-11-24
SHP00731,ITM0354,95,Outbound,2024-05-01
SHP00732,ITM0002,15,Inbound,2024-02-10
SHP00733,ITM0207,4,Inbound,2024-06-15
SHP00734,ITM0196,63,Inbound,2024-01-23
SHP00735,ITM0340,40,Outbound,2024-10-05
SHP00736,ITM0124,9,Inbound,2025-04-13
SHP00737,ITM0137,9,Outbound,2025-02-03
SHP00738,ITM0338,26,Outbound,2024-01-09
SHP00739,ITM0024,4,Inbound,2024-01-13
SHP00740,ITM0067,81,Inbound,2024-02-21
SHP00741,ITM0060,16,Outbound,2024-07-27
SHP00742,ITM0028,15,Inbound,2025-07-03
SHP00743,ITM0382,99,Inbound,2025-02-05
SHP00744,ITM0018,52,Outbound,2024-07-09
SHP00745,ITM0170,69,Outbound,2024-02-20
SHP00746,ITM0449,5,Outbound,2025-01-27
SHP00747,ITM0073,20,Outbound,2024-10-26
SHP00748,ITM0060,79,Outbound,2024-07-14
SHP00749,ITM0426,18,Inbound,2025-02-20
SHP00750,ITM0152,2,Outbound,2025-02-23
SHP00751,ITM0275,93,Outbound,2025-06-05
SHP00752,ITM0047,13,Outbound,2024-12-21
SHP00753,ITM0210,4,Inbound,2024-05-27
SHP00754,ITM0342,42,Outbound,2024-12-30
SHP00755,ITM0407,74,Outbound,2024-12-29
SHP00756,ITM0138,61,Outbound,2025-02-05
SHP00757,ITM0109,95,Inbound,2025-05-06
SHP00758,ITM0481,8,Outbound,2024-08-16
SHP00759,ITM0182,67,Outbound,2025-07-28
SHP00760,ITM0027,63,Outbound,2025-06-20
SHP00761,ITM0196,9,Inbound,2024-09-24
SHP00762,ITM0190,94,Inbound,2025-02-08
SHP00763,ITM0314,11,Inbound,2024-01-11
SHP00764,ITM0388,99,Inbound,2024-11-15
SHP00765,ITM0050,42,Outbound,2024-05-05
SHP00766,ITM0148,13,Outbound,2024-11-01
SHP00767,ITM0267,36,Inbound,2025-05-25
SHP00768,ITM0049,13,Inbound,2024-03-29
SHP00769,ITM0387,12,Outbound,2024-12-20
SHP00770,ITM0245,37,Outbound,2024-12-17
SHP00771,ITM0112,74,Inbound,2024-01-14
SHP00772,ITM0169,73,Inbound,2024-09-13
SHP00773,ITM0467,52,Inbound,2024-07-27
SHP00774,ITM0165,71,Inbound,2024-10-07
SHP00775,ITM0408,2,Outbound,2025-03-18
SHP00776,ITM0013,56,Inbound,2025-01-23
SHP00777,ITM0202,60,Inbound,2025-04-27
SHP00778,ITM0287,23,Outbound,2024-05-26
SHP00779,ITM0394,40,Outbound,2024-10-05
SHP00780,ITM0188,64,Outbound,2025-06-04
SHP00781,ITM0401,85,Outbound,2025-03-09
SHP00782,ITM0154,23,Outbound,2024-05-23
SHP00783,ITM0054,29,Inbound,2024-10-15
SHP00784,ITM0181,78,Inbound,2025-01-20
SHP00785,ITM0209,90,Inbound,2024-01-14
SHP00786,ITM0375,51,Outbound,2024-09-13
SHP00787,ITM0470,69,Inbound,2024-12-11
SHP00788,ITM0074,95,Outbound,2024-12-10
SHP00789,ITM0276,89,Inbound,2025-02-03
SHP00790,ITM0427,31,Inbound,2024-07-25
SHP00791,ITM0132,50,Outbound,2024-06-20
SHP00792,ITM0342,20,Outbound,2025-04-08
SHP00793,ITM0424,55,Inbound,2024-09-26
SHP00794,ITM0058,81,Inbound,2024-08-08
SHP00795,ITM0344,2,Inbound,2024-05-31
SHP00796,ITM0488,25,Inbound,2024-07-01
SHP00797,ITM0181,13,Inbound,2025-02-02
SHP00798,ITM0457,92,Outbound,2024-03-12
SHP00799,ITM0405,70,Outbound,2025-02-21
SHP00800,ITM0338,67,Outbound,2024-10-09
SHP00801,ITM0320,58,Outbound,2024-03-14
SHP00802,ITM0063,99,Inbound,2024-12-20
SHP00803,ITM0326,82,Inbound,2025-05-11
SHP00804,ITM0259,75,Outbound,2024-11-23
SHP00805,ITM0192,84,Inbound,2025-06-18
SHP00806,ITM0142,64,Outbound,2025-03-22
SHP00807,ITM0103,69,Inbound,2025-01-07
SHP00808,ITM0459,83,Inbound,2024-12-27
SHP00809,ITM0405,86,Inbound,2024-04-02
SHP00810,ITM0213,59,Outbound,2024-11-16
SHP00811,ITM0241,60,Outbound,2024-11-19
SHP00812,ITM0430,83,Outbound,2025-01-18
SHP00813,ITM0208,62,Outbound,2025-07-28
SHP00814,ITM0092,16,Inbound,2024-12-11
SHP00815,ITM0429,88,Inbound,2024-04-12
SHP00816,ITM0141,68,Inbound,2024-08-02
SHP00817,ITM0433,15,Inbound,2024-07-10
SHP00818,ITM0403,89,Outbound,2024-07-12
SHP00819,ITM0433,55,Inbound,2025-01-14
SHP00820,ITM0111,35,Inbound,2025-02-06
SHP00821,ITM0416,55,Inbound,2024-01-11
SHP00822,ITM0374,14,Outbound,2024-07-05
SHP00823,ITM0058,49,Outbound,2024-01-15
SHP00824,ITM0042,83,Outbound,2024-10-23
SHP00825,ITM0206,7,Inbound,2025-02-14
SHP00826,ITM0267,30,Outbound,2024-02-21
SHP00827,ITM0295,83,Inbound,2024-01-28
SHP00828,ITM0117,49,Inbound,2025-07-30
SHP00829,ITM0019,89,Inbound,2024-01-17
SHP00830,ITM0221,16,Outbound,2024-12-16
SHP00831,ITM0165,51,Outbound,2025-03-03
SHP00832,ITM0130,72,Inbound,2024-08-16
SHP00833,ITM0155,82,Inbound,2024-07-28
SHP00834,ITM0183,92,Outbound,2025-03-06
SHP00835,ITM0089,80,Outbound,2024-10-20
SHP00836,ITM0093,83,Outbound,2024-04-13
SHP00837,ITM0012,42,Inbound,2024-07-22
SHP00838,ITM0460,17,Inbound,2024-02-22
SHP00839,ITM0321,63,Inbound,2025-01-09
SHP00840,ITM0292,45,Outbound,2024-02-23
SHP00841,ITM0432,77,Outbound,2024-10-02
SHP00842,ITM0229,7,Outbound,2024-11-30
SHP00843,ITM0321,27,Inbound,2024-01-31
SHP00844,ITM0291,10,Inbound,2024-05-14
SHP00845,ITM0437,34,Outbound,2024-02-27
SHP00846,ITM0025,36,Inbound,2024-04-14
SHP00847,ITM0074,25,Outbound,2024-09-22
SHP00848,ITM0455,6,Inbound,2025-06-05
SHP00849,ITM0363,24,Outbound,2025-05-10
SHP00850,ITM0423,18,Inbound,2024-09-09
SHP00851,ITM0298,87,Inbound,2024-10-21
SHP00852,ITM0149,6,Outbound,2024-06-06
SHP00853,ITM0147,29,Outbound,2025-07-02
SHP00854,ITM0007,25,Outbound,2024-03-07
SHP00855,ITM0028,55,Outbound,2024-10-25
SHP00856,ITM0295,81,Outbound,2025-04-07
SHP00857,ITM0473,46,Inbound,2024-04-10
SHP00858,ITM0413,24,Outbound,2024-02-25
SHP00859,ITM0208,75,Outbound,2024-11-27
SHP00860,ITM0127,26,Outbound,2025-01-27
SHP00861,ITM0339,98,Inbound,2025-01-15
SHP00862,ITM0115,28,Outbound,2024-04-01
SHP00863,ITM0438,3,Outbound,2025-03-22
SHP00864,ITM0143,75,Outbound,2024-04-18
SHP00865,ITM0429,38,Inbound,2024-11-12
SHP00866,ITM0317,61,Inbound,2024-06-16
SHP00867,ITM0234,78,Outbound,2025-03-10
SHP00868,ITM0006,51,Inbound,2025-03-17
SHP00869,ITM0463,90,Outbound,2024-08-05
SHP00870,ITM0044,48,Inbound,2024-08-09
SHP00871,ITM0442,21,Outbound,2025-06-11
SHP00872,ITM0238,54,Inbound,2024-10-04
SHP00873,ITM0439,56,Outbound,2025-07-22
SHP00874,ITM0431,94,Outbound,2025-07-27
SHP00875,ITM0154,59,Inbound,2025-04-10
SHP00876,ITM0180,72,Outbound,2024-01-30
SHP00877,ITM0214,51,Outbound,2024-12-24
SHP00878,ITM0087,20,Outbound,2024-10-14
SHP00879,ITM0255,96,Outbound,2024-03-26
SHP00880,ITM0072,86,Inbound,2024-08-21
SHP00881,ITM0418,59,Outbound,2024-11-08
SHP00882,ITM0178,71,Inbound,2024-12-30
SHP00883,ITM0211,9,Inbound,2024-09-25
SHP00884,ITM0292,1,Inbound,2024-05-10
SHP00885,ITM0233,29,Inbound,2024-12-16
SHP00886,ITM0464,63,Outbound,2024-06-28
SHP00887,ITM0238,72,Outbound,2025-04-24
SHP00888,ITM0222,56,Inbound,2024-06-11
SHP00889,ITM0118,68,Outbound,2024-04-05
SHP00890,ITM0312,35,Inbound,2025-05-24
SHP00891,ITM0263,3,Outbound,2024-12-30
SHP00892,ITM0206,7,Outbound,2024-12-18
SHP00893,ITM0094,27,Outbound,2025-03-11
SHP00894,ITM0372,1,Inbound,2024-03-23
SHP00895,ITM0221,91,Inbound,2024-08-12
SHP00896,ITM0365,80,Outbound,2025-02-15
SHP00897,ITM0275,71,Inbound,2024-04-27
SHP00898,ITM0379,44,Inbound,2025-04-26
SHP00899,ITM0230,87,Outbound,2024-07-10
SHP00900,ITM0308,41,Inbound,2024-04-16
SHP00901,ITM0118,75,Outbound,2025-01-16
SHP00902,ITM0267,42,Outbound,2025-01-24
SHP00903,ITM0432,33,Outbound,2024-08-31
SHP00904,ITM0272,50,Inbound,2025-04-12
SHP00905,ITM0063,63,Outbound,2025-06-21
SHP00906,ITM0297,37,Outbound,2024-07-28
SHP00907,ITM0349,59,Inbound,2024-03-13
SHP00908,ITM0412,81,Inbound,2024-11-04
SHP00909,ITM0402,99,Inbound,2024-07-04
SHP00910,ITM0493,48,Inbound,2024-09-09
SHP00911,ITM0010,5,Outbound,2024-01-13
SHP00912,ITM0097,48,Inbound,2024-10-25
SHP00913,ITM0433,96,Inbound,2024-03-16
SHP00914,ITM0070,3,Inbound,2024-02-20
SHP00915,ITM0363,47,Inbound,2024-05-28
SHP00916,ITM0057,62,Outbound,2024-05-01
SHP00917,ITM0289,99,Inbound,2024-07-29
SHP00918,ITM0250,14,Outbound,2024-10-06
SHP00919,ITM0275,63,Inbound,2025-06-21
SHP00920,ITM0049,61,Outbound,2024-06-04
SHP00921,ITM0357,31,Outbound,2024-08-25
SHP00922,ITM0215,95,Inbound,2025-01-10
SHP00923,ITM0393,17,Outbound,2024-03-22
SHP00924,ITM0415,24,Inbound,2025-05-06
SHP00925,ITM0051,23,Outbound,2024-12-21
SHP00926,ITM0270,82,Outbound,2024-09-29
SHP00927,ITM0484,50,Outbound,2024-02-13
SHP00928,ITM0083,78,Inbound,2025-07-26
SHP00929,ITM0386,79,Outbound,2024-05-02
SHP00930,ITM0292,79,Inbound,2024-12-14
SHP00931,ITM0125,70,Outbound,2024-11-25
SHP00932,ITM0295,27,Outbound,2025-02-12
SHP00933,ITM0071,15,Outbound,2024-11-18
SHP00934,ITM0295,50,Outbound,2024-04-20
SHP00935,ITM0235,36,Outbound,2024-03-29
SHP00936,ITM0055,8,Outbound,2025-03-08
SHP00937,ITM0406,79,Inbound,2024-04-08
SHP00938,ITM0359,3,Inbound,2025-06-22
SHP00939,ITM0394,62,Inbound,2024-05-25
SHP00940,ITM0109,47,Outbound,2024-09-13
SHP00941,ITM0191,77,Inbound,2024-07-07
SHP00942,ITM0391,98,Outbound,2024-08-27
SHP00943,ITM0092,88,Inbound,2025-05-17
SHP00944,ITM0349,96,Inbound,2024-09-27
SHP00945,ITM0055,61,Outbound,2025-06-03
SHP00946,ITM0059,32,Outbound,2025-07-03
SHP00947,ITM0137,94,Inbound,2024-04-23
SHP00948,ITM0038,13,Inbound,2024-12-04
SHP00949,ITM0027,1,Inbound,2025-07-21
SHP00950,ITM0048,34,Inbound,2024-12-24
SHP00951,ITM0419,62,Outbound,2024-11-29
SHP00952,ITM0124,79,Inbound,2024-06-17
SHP00953,ITM0012,78,Outbound,2024-12-04
SHP00954,ITM0479,93,Outbound,2024-09-17
SHP00955,ITM0035,98,Inbound,2024-07-17
SHP00956,ITM0100,82,Outbound,2024-07-29
SHP00957,ITM0281,71,Inbound,2024-10-13
SHP00958,ITM0085,93,Outbound,2025-04-16
SHP00959,ITM0003,31,Outbound,2025-04-26
SHP00960,ITM0222,64,Inbound,2024-01-23
SHP00961,ITM0337,25,Outbound,2025-07-13
SHP00962,ITM0447,38,Outbound,2024-04-18
SHP00963,ITM0165,14,Inbound,2024-10-22
SHP00964,ITM0382,8,Outbound,2024-01-06
SHP00965,ITM0343,91,Outbound,2025-07-03
SHP00966,ITM0382,54,Inbound,2024-07-21
SHP00967,ITM0375,2,Inbound,2024-11-20
SHP00968,ITM0470,81,Outbound,2024-08-31
SHP00969,ITM0277,78,Outbound,2024-11-22
SHP00970,ITM0129,89,Outbound,2024-02-16
SHP00971,ITM0030,56,Inbound,2024-01-13
SHP00972,ITM0374,94,Outbound,2025-01-14
SHP00973,ITM0010,93,Outbound,2024-12-30
SHP00974,ITM0475,84,Outbound,2024-12-07
SHP00975,ITM0301,85,Outbound,2024-08-08
SHP00976,ITM0095,61,Outbound,2024-03-13
SHP00977,ITM0189,22,Outbound,2024-02-15
SHP00978,ITM0452,35,Inbound,2025-05-18
SHP00979,ITM0191,16,Inbound,2024-09-30
SHP00980,ITM0485,50,Outbound,2025-07-08
SHP00981,ITM0265,43,Outbound,2024-07-26
SHP00982,ITM0423,17,Inbound,2024-05-03
SHP00983,ITM0127,80,Inbound,2024-01-10
SHP00984,ITM0237,58,Inbound,2024-11-24
SHP00985,ITM0407,2,Outbound,2024-07-05
SHP00986,ITM0354,4,Outbound,2025-06-26
SHP00987,ITM0427,85,Outbound,2024-02-29
SHP00988,ITM0111,39,Outbound,2025-03-17
SHP00989,ITM0315,98,Inbound,2024-08-04
SHP00990,ITM0445,94,Inbound,2024-01-02
SHP00991,ITM0342,6,Inbound,2025-06-19
SHP00992,ITM0144,81,Inbound,2024-12-21
SHP00993,ITM0064,89,Outbound,2024-06-13
SHP00994,ITM0246,69,Outbound,2024-03-31
SHP00995,ITM0222,69,Inbound,2024-06-15
SHP00996,ITM0478,20,Inbound,2024-07-25
SHP00997,ITM0489,64,Inbound,2024-10-08
SHP00998,ITM0312,16,Inbound,2024-03-05
SHP00999,ITM0438,51,Inbound,2025-05-30
SHP01000,ITM0105,37,Outbound,2024-06-05
SHP01001,ITM0180,73,Outbound,2024-11-01
SHP01002,ITM0183,69,Inbound,2025-01-29
SHP01003,ITM0225,42,Inbound,2024-03-14
SHP01004,ITM0264,57,Inbound,2024-07-05
SHP01005,ITM0277,66,Outbound,2025-07-27
SHP01006,ITM0396,9,Outbound,2024-12-02
SHP01007,ITM0088,86,Outbound,2025-07-21
SHP01008,ITM0175,64,Inbound,2024-08-27
SHP01009,ITM0017,86,Outbound,2025-06-16
SHP01010,ITM0370,22,Inbound,2024-05-20
SHP01011,ITM0459,34,Outbound,2024-09-21
SHP01012,ITM0423,55,Outbound,2024-05-18
SHP01013,ITM0400,29,Outbound,2025-04-03
SHP01014,ITM0398,38,Inbound,2024-03-10
SHP01015,ITM0105,97,Inbound,2025-01-19
SHP01016,ITM0270,18,Outbound,2024-07-16
SHP01017,ITM0462,71,Inbound,2024-07-23
SHP01018,ITM0318,65,Inbound,2025-07-21
SHP01019,ITM0166,97,Inbound,2025-03-06
SHP01020,ITM0012,1,Inbound,2024-11-20
SHP01021,ITM0336,88,Inbound,2025-03-17
SHP01022,ITM0031,4,Inbound,2024-10-14
SHP01023,ITM0392,4,Inbound,2024-08-13
SHP01024,ITM0039,82,Outbound,2024-03-04
SHP01025,ITM0147,27,Inbound,2025-07-13
SHP01026,ITM0217,43,Inbound,2025-05-12
SHP01027,ITM0218,59,Outbound,2024-02-29
SHP01028,ITM0468,32,Outbound,2025-01-31
SHP01029,ITM0081,33,Outbound,2024-09-13
SHP01030,ITM0332,28,Outbound,2025-07-30
SHP01031,ITM0207,55,Inbound,2024-08-26
SHP01032,ITM0200,60,Outbound,2024-02-07
SHP01033,ITM0446,70,Outbound,2024-01-25
SHP01034,ITM0331,62,Inbound,2025-02-13
SHP01035,ITM0427,80,Inbound,2025-04-05
SHP01036,ITM0037,34,Inbound,2025-07-24
SHP01037,ITM0210,87,Outbound,2025-02-20
SHP01038,ITM0443,88,Inbound,2024-12-22
SHP01039,ITM0326,56,Outbound,2025-01-17
SHP01040,ITM0248,13,Inbound,2024-06-06
SHP01041,ITM0226,56,Inbound,2025-07-22
SHP01042,ITM0047,18,Outbound,2025-03-08
SHP01043,ITM0017,54,Inbound,2024-02-17
SHP01044,ITM0399,77,Inbound,2024-11-23
SHP01045,ITM0438,43,Inbound,2025-03-08
SHP01046,ITM0294,39,Inbound,2025-03-06
SHP01047,ITM0195,61,Inbound,2024-02-25
SHP01048,ITM0186,42,Outbound,2025-07-30
SHP01049,ITM0344,81,Outbound,2024-09-24
SHP01050,ITM0223,79,Inbound,2024-03-09
SHP01051,ITM0317,18,Outbound,2025-03-24
SHP01052,ITM0487,23,Outbound,2024-09-13
SHP01053,ITM0396,54,Outbound,2025-05-04
SHP01054,ITM0364,30,Inbound,2024-02-18
SHP01055,ITM0336,98,Inbound,2024-11-11
SHP01056,ITM0496,58,Inbound,2025-02-16
SHP01057,ITM0228,68,Outbound,2025-03-09
SHP01058,ITM0389,67,Outbound,2024-01-02
SHP01059,ITM0466,71,Inbound,2024-05-24
SHP01060,ITM0076,18,Inbound,2024-12-31
SHP01061,ITM0187,7,Outbound,2025-02-23
SHP01062,ITM0345,40,Outbound,2025-07-26
SHP01063,ITM0269,70,Inbound,2025-07-14
SHP01064,ITM0094,86,Outbound,2025-03-19
SHP01065,ITM0309,65,Outbound,2025-03-09
SHP01066,ITM0131,68,Outbound,2025-07-08
SHP01067,ITM0038,49,Outbound,2024-02-26
SHP01068,ITM0071,52,Outbound,2025-07-15
SHP01069,ITM0280,29,Outbound,2024-06-26
SHP01070,ITM0332,21,Outbound,2024-10-19
SHP01071,ITM0159,90,Inbound,2024-02-15
SHP01072,ITM0186,78,Inbound,2024-06-18
SHP01073,ITM0485,9,Outbound,2024-09-27
SHP01074,ITM0190,47,Outbound,2025-02-20
SHP01075,ITM0421,76,Outbound,2024-05-18
SHP01076,ITM0119,42,Inbound,2024-09-03
SHP01077,ITM0219,51,Inbound,2024-05-27
SHP01078,ITM0052,56,Outbound,2024-08-17
SHP01079,ITM0221,51,Inbound,2025-01-08
SHP01080,ITM0450,70,Outbound,2024-03-20
SHP01081,ITM0411,20,Outbound,2024-03-05
SHP01082,ITM0130,88,Outbound,2024-03-28
SHP01083,ITM0236,27,Outbound,2024-03-28
SHP01084,ITM0245,38,Outbound,2024-07-22
SHP01085,ITM0225,72,Outbound,2025-01-16
SHP01086,ITM0207,65,Outbound,2025-04-20
SHP01087,ITM0405,54,Inbound,2025-07-26
SHP01088,ITM0095,24,Outbound,2025-06-22
SHP01089,ITM0421,47,Inbound,2024-08-01
SHP01090,ITM0199,71,Outbound,2024-03-14
SHP01091,ITM0246,83,Outbound,2024-03-01
SHP01092,ITM0071,86,Inbound,2025-06-26
SHP01093,ITM0317,63,Inbound,2024-08-06
SHP01094,ITM0184,57,Outbound,2024-01-12
SHP01095,ITM0005,55,Inbound,2025-02-18
SHP01096,ITM0205,60,Outbound,2024-02-01
SHP01097,ITM0031,99,Outbound,2024-06-08
SHP01098,ITM0098,62,Inbound,2024-08-24
SHP01099,ITM0393,30,Inbound,2024-06-29
SHP01100,ITM0386,93,Inbound,2025-07-11
SHP01101,ITM0255,22,Inbound,2024-12-06
SHP01102,ITM0186,75,Outbound,2025-04-02
SHP01103,ITM0075,84,Inbound,2024-03-20
SHP01104,ITM0176,29,Inbound,2025-04-17
SHP01105,ITM0314,41,Inbound,2024-04-21
SHP01106,ITM0286,42,Inbound,2024-10-18
SHP01107,ITM0348,98,Inbound,2025-01-17
SHP01108,ITM0254,65,Outbound,2024-01-17
SHP01109,ITM0324,31,Outbound,2025-05-07
SHP01110,ITM0189,30,Inbound,2024-11-26
SHP01111,ITM0307,18,Inbound,2025-04-30
SHP01112,ITM0344,17,Outbound,2025-02-09
SHP01113,ITM0126,38,Inbound,2024-04-26
SHP01114,ITM0424,14,Outbound,2025-07-08
SHP01115,ITM0286,87,Outbound,2024-04-24
SHP01116,ITM0253,89,Inbound,2025-07-02
SHP01117,ITM0212,79,Outbound,2025-06-30
SHP01118,ITM0249,56,Inbound,2024-12-01
SHP01119,ITM0083,22,Inbound,2024-12-01
SHP01120,ITM0486,67,Outbound,2024-05-26
SHP01121,ITM0382,56,Outbound,2024-05-01
SHP01122,ITM0405,19,Inbound,2024-03-21
SHP01123,ITM0387,57,Outbound,2025-01-09
SHP01124,ITM0012,44,Inbound,2025-07-23
SHP01125,ITM0044,98,Outbound,2024-03-03
SHP01126,ITM0126,35,Outbound,2025-05-18
SHP01127,ITM0425,1,Inbound,2025-03-24
SHP01128,ITM0113,52,Inbound,2025-03-03
SHP01129,ITM0432,85,Inbound,2025-03-02
SHP01130,ITM0275,93,Outbound,2025-02-24
SHP01131,ITM0499,70,Inbound,2024-11-17
SHP01132,ITM0204,37,Inbound,2024-06-14
SHP01133,ITM0336,65,Outbound,2025-04-05
SHP01134,ITM0437,51,Outbound,2025-04-03
SHP01135,ITM0419,1,Inbound,2024-07-07
SHP01136,ITM0480,91,Inbound,2025-04-08
SHP01137,ITM0384,21,Inbound,2025-01-13
SHP01138,ITM0398,53,Inbound,2024-01-02
SHP01139,ITM0460,16,Outbound,2024-12-29
SHP01140,ITM0272,61,Outbound,2024-03-12
SHP01141,ITM0407,54,Inbound,2025-03-02
SHP01142,ITM0057,40,Inbound,2024-06-18
SHP01143,ITM0327,26,Inbound,2024-07-23
SHP01144,ITM0497,80,Outbound,2024-12-02
SHP01145,ITM0218,92,Inbound,2025-04-16
SHP01146,ITM0108,65,Inbound,2024-07-13
SHP01147,ITM0278,74,Outbound,2024-10-01
SHP01148,ITM0173,64,Outbound,2024-01-07
SHP01149,ITM0327,43,Inbound,2025-07-19
SHP01150,ITM0263,17,Inbound,2025-07-26
SHP01151,ITM0314,59,Outbound,2024-06-26
SHP01152,ITM0473,23,Inbound,2024-08-29
SHP01153,ITM0110,7,Inbound,2024-07-21
SHP01154,ITM0186,44,Outbound,2025-06-26
SHP01155,ITM0268,53,Outbound,2025-04-06
SHP01156,ITM0422,71,Outbound,2024-03-20
SHP01157,ITM0228,79,Inbound,2025-06-06
SHP01158,ITM0496,34,Outbound,2025-02-20
SHP01159,ITM0155,46,Outbound,2025-01-18
SHP01160,ITM0472,68,Inbound,2025-01-25
SHP01161,ITM0188,78,Inbound,2024-05-05
SHP01162,ITM0271,78,Outbound,2025-05-08
SHP01163,ITM0374,16,Outbound,2024-02-16
SHP01164,ITM0001,71,Inbound,2025-04-20
SHP01165,ITM0245,96,Inbound,2025-04-08
SHP01166,ITM0209,19,Outbound,2024-05-02
SHP01167,ITM0400,2,Outbound,2025-04-18
SHP01168,ITM0285,10,Inbound,2024-05-13
SHP01169,ITM0358,50,Outbound,2025-07-15
SHP01170,ITM0012,81,Inbound,2024-01-23
SHP01171,ITM0095,12,Outbound,2025-07-19
SHP01172,ITM0497,70,Inbound,2024-08-22
SHP01173,ITM0220,22,Inbound,2024-02-28
SHP01174,ITM0237,32,Outbound,2024-06-12
SHP01175,ITM0093,84,Outbound,2024-08-03
SHP01176,ITM0337,1,Inbound,2024-07-01
SHP01177,ITM0268,54,Outbound,2025-07-22
SHP01178,ITM0170,58,Outbound,2024-03-30
SHP01179,ITM0468,70,Outbound,2024-11-06
SHP01180,ITM0093,83,Inbound,2025-07-10
SHP01181,ITM0148,18,Outbound,2024-09-13
SHP01182,ITM0111,6,Outbound,2025-06-16
SHP01183,ITM0054,45,Inbound,2025-06-16
SHP01184,ITM0336,97,Outbound,2024-02-21
SHP01185,ITM0423,23,Outbound,2024-12-03
SHP01186,ITM0466,23,Inbound,2024-06-19
SHP01187,ITM0115,26,Inbound,2024-03-07
SHP01188,ITM0142,77,Outbound,2024-10-26
SHP01189,ITM0200,7,Outbound,2024-08-19
SHP01190,ITM0179,79,Inbound,2024-03-08
SHP01191,ITM0201,44,Inbound,2025-05-20
SHP01192,ITM0363,27,Outbound,2024-01-28
SHP01193,ITM0478,26,Outbound,2024-02-20
SHP01194,ITM0052,97,Outbound,2024-09-16
SHP01195,ITM0470,79,Inbound,2024-07-02
SHP01196,ITM0383,36,Outbound,2024-01-23
SHP01197,ITM0179,55,Inbound,2024-05-08
SHP01198,ITM0413,64,Inbound,2024-10-17
SHP01199,ITM0416,91,Inbound,2025-05-15
SHP01200,ITM0312,57,Outbound,2024-07-04
SHP01201,ITM0307,69,Outbound,2025-04-23
SHP01202,ITM0136,61,Outbound,2025-07-24
SHP01203,ITM0181,2,Inbound,2025-05-06
SHP01204,ITM0366,55,Outbound,2025-05-27
SHP01205,ITM0000,97,Inbound,2024-03-07
SHP01206,ITM0043,80,Inbound,2025-04-11
SHP01207,ITM0226,87,Inbound,2024-10-11
SHP01208,ITM0330,38,Inbound,2025-02-20
SHP01209,ITM0097,80,Inbound,2024-04-09
SHP01210,ITM0207,78,Inbound,2024-07-07
SHP01211,ITM0264,29,Outbound,2025-01-22
SHP01212,ITM0287,26,Inbound,2024-08-28
SHP01213,ITM0270,35,Outbound,2025-02-20
SHP01214,ITM0139,79,Inbound,2024-06-24
SHP01215,ITM0480,67,Outbound,2025-01-21
SHP01216,ITM0236,87,Outbound,2025-04-15
SHP01217,ITM0461,29,Outbound,2024-08-20
SHP01218,ITM0440,34,Outbound,2025-03-27
SHP01219,ITM0391,97,Inbound,2024-10-03
SHP01220,ITM0071,41,Inbound,2024-08-16
SHP01221,ITM0154,41,Inbound,2024-06-19
SHP01222,ITM0189,23,Inbound,2024-07-31
SHP01223,ITM0267,71,Outbound,2024-10-08
SHP01224,ITM0320,3,Outbound,2024-02-10
SHP01225,ITM0106,58,Outbound,2024-05-01
SHP01226,ITM0231,32,Inbound,2024-08-14
SHP01227,ITM0041,31,Outbound,2024-10-20
SHP01228,ITM0189,82,Inbound,2024-09-23
SHP01229,ITM0370,43,Outbound,2025-06-24
SHP01230,ITM0138,7,Outbound,2025-03-26
SHP01231,ITM0102,1,Outbound,2025-03-24
SHP01232,ITM0170,61,Outbound,2024-03-01
SHP01233,ITM0350,14,Outbound,2025-05-16
SHP01234,ITM0272,52,Inbound,2024-05-26
SHP01235,ITM0480,96,Outbound,2024-11-29
SHP01236,ITM0415,6,Inbound,2024-05-21
SHP01237,ITM0220,10,Inbound,2024-02-13
SHP01238,ITM0212,71,Inbound,2024-05-23
SHP01239,ITM0340,90,Inbound,2024-11-28
SHP01240,ITM0423,98,Inbound,2025-05-11
SHP01241,ITM0406,30,Inbound,2025-01-30
SHP01242,ITM0055,21,Inbound,2024-02-24
SHP01243,ITM0389,60,Inbound,2024-11-02
SHP01244,ITM0341,81,Outbound,2025-02-26
SHP01245,ITM0433,97,Outbound,2025-02-20
SHP01246,ITM0101,74,Inbound,2024-11-20
SHP01247,ITM0420,63,Inbound,2024-03-20
SHP01248,ITM0492,42,Inbound,2024-01-31
SHP01249,ITM0191,51,Outbound,2024-04-21
SHP01250,ITM0498,64,Outbound,2025-07-11
SHP01251,ITM0309,76,Inbound,2025-07-17
SHP01252,ITM0199,56,Inbound,2025-04-16
SHP01253,ITM0232,80,Outbound,2024-03-14
SHP01254,ITM0432,41,Outbound,2025-07-06
SHP01255,ITM0226,32,Inbound,2025-04-23
SHP01256,ITM0370,15,Inbound,2025-01-21
SHP01257,ITM0138,62,Inbound,2025-07-17
SHP01258,ITM0343,27,Inbound,2025-03-08
SHP01259,ITM0304,28,Outbound,2025-02-15
SHP01260,ITM0148,81,Outbound,2025-04-11
SHP01261,ITM0114,64,Inbound,2024-09-04
SHP01262,ITM0449,59,Inbound,2024-04-29
SHP01263,ITM0062,58,Inbound,2024-03-07
SHP01264,ITM0103,2,Outbound,2025-07-26
SHP01265,ITM0338,36,Inbound,2024-11-22
SHP01266,ITM0358,71,Inbound,2025-04-14
SHP01267,ITM0155,13,Inbound,2025-05-07
SHP01268,ITM0272,15,Outbound,2024-10-12
SHP01269,ITM0005,89,Inbound,2024-11-07
SHP01270,ITM0146,87,Outbound,2024-11-04
SHP01271,ITM0183,60,Inbound,2024-04-06
SHP01272,ITM0485,22,Inbound,2024-04-22
SHP01273,ITM0027,63,Inbound,2025-03-31
SHP01274,ITM0449,90,Outbound,2025-04-07
SHP01275,ITM0037,97,Inbound,2024-05-11
SHP01276,ITM0118,75,Inbound,2024-04-30
SHP01277,ITM0292,74,Outbound,2024-07-15
SHP01278,ITM0370,25,Outbound,2025-04-26
SHP01279,ITM0243,48,Outbound,2024-02-08
SHP01280,ITM0067,43,Inbound,2025-07-19
SHP01281,ITM0213,38,Outbound,2025-05-26
SHP01282,ITM0217,41,Inbound,2025-04-18
SHP01283,ITM0176,45,Outbound,2024-06-09
SHP01284,ITM0298,88,Outbound,2024-10-15
SHP01285,ITM0163,40,Outbound,2024-07-18
SHP01286,ITM0057,97,Inbound,2025-06-11
SHP01287,ITM0268,17,Inbound,2025-05-17
SHP01288,ITM0307,88,Inbound,2024-09-04
SHP01289,ITM0057,57,Inbound,2025-01-17
SHP01290,ITM0287,2,Inbound,2024-08-05
SHP01291,ITM0464,96,Inbound,2024-03-27
SHP01292,ITM0104,62,Inbound,2024-03-22
SHP01293,ITM0227,88,Inbound,2024-03-02
SHP01294,ITM0246,9,Inbound,2025-05-14
SHP01295,ITM0187,68,Outbound,2024-02-11
SHP01296,ITM0493,81,Outbound,2024-01-12
SHP01297,ITM0082,17,Inbound,2024-04-24
SHP01298,ITM0185,50,Inbound,2024-08-05
SHP01299,ITM0251,94,Inbound,2024-04-15
SHP01300,ITM0354,40,Inbound,2025-06-11
SHP01301,ITM0237,58,Outbound,2025-04-16
SHP01302,ITM0359,75,Outbound,2025-01-21
SHP01303,ITM0183,85,Inbound,2024-08-13
SHP01304,ITM0283,21,Outbound,2025-04-25
SHP01305,ITM0384,18,Outbound,2025-02-11
SHP01306,ITM0425,55,Inbound,2025-04-01
SHP01307,ITM0209,29,Inbound,2024-01-21
SHP01308,ITM0303,24,Inbound,2024-07-21
SHP01309,ITM0295,74,Inbound,2025-02-20
SHP01310,ITM0096,17,Outbound,2025-02-19
SHP01311,ITM0446,18,Inbound,2025-03-23
SHP01312,ITM0459,42,Outbound,2025-05-26
SHP01313,ITM0455,84,Inbound,2024-03-25
SHP01314,ITM0471,45,Outbound,2024-06-15
SHP01315,ITM0207,82,Inbound,2025-01-18
SHP01316,ITM0369,17,Inbound,2025-04-12
SHP01317,ITM0387,73,Outbound,2024-03-12
SHP01318,ITM0421,14,Outbound,2025-06-04
SHP01319,ITM0491,49,Outbound,2025-04-17
SHP01320,ITM0410,29,Inbound,2024-09-14
SHP01321,ITM0136,95,Outbound,2024-10-01
SHP01322,ITM0366,4,Outbound,2024-01-20
SHP01323,ITM0399,82,Outbound,2025-05-04
SHP01324,ITM0183,20,Outbound,2025-05-04
SHP01325,ITM0075,47,Outbound,2024-11-21
SHP01326,ITM0286,9,Outbound,2025-06-12
SHP01327,ITM0471,77,Outbound,2024-03-29
SHP01328,ITM0374,79,Outbound,2025-04-30
SHP01329,ITM0141,27,Outbound,2024-12-15
SHP01330,ITM0236,15,Inbound,2024-03-24
SHP01331,ITM0024,92,Inbound,2025-01-21
SHP01332,ITM0289,19,Outbound,2024-03-27
SHP01333,ITM0066,90,Inbound,2024-11-02
SHP01334,ITM0249,52,Inbound,2024-06-02
SHP01335,ITM0407,26,Outbound,2025-03-15
SHP01336,ITM0117,89,Outbound,2024-09-20
SHP01337,ITM0489,26,Outbound,2025-02-24
SHP01338,ITM0072,26,Outbound,2025-05-07
SHP01339,ITM0281,46,Outbound,2025-02-14
SHP01340,ITM0403,92,Outbound,2024-06-21
SHP01341,ITM0447,49,Inbound,2024-01-04
SHP01342,ITM0359,82,Outbound,2025-04-16
SHP01343,ITM0009,96,Inbound,2024-04-19
SHP01344,ITM0210,53,Outbound,2024-02-06
SHP01345,ITM0322,3,Outbound,2024-01-31
SHP01346,ITM0151,66,Inbound,2025-01-15
SHP01347,ITM0004,97,Outbound,2024-09-24
SHP01348,ITM0194,42,Outbound,2024-01-11
SHP01349,ITM0441,19,Inbound,2024-12-09
SHP01350,ITM0282,17,Outbound,2025-06-27
SHP01351,ITM0463,33,Inbound,2025-07-22
SHP01352,ITM0112,76,Outbound,2024-06-14
SHP01353,ITM0270,49,Outbound,2024-12-07
SHP01354,ITM0162,56,Inbound,2025-04-26
SHP01355,ITM0459,63,Outbound,2024-01-19
SHP01356,ITM0104,3,Inbound,2024-07-02
SHP01357,ITM0180,49,Inbound,2025-06-28
SHP01358,ITM0043,55,Inbound,2024-01-10
SHP01359,ITM0281,26,Outbound,2024-07-10
SHP01360,ITM0174,99,Outbound,2024-11-15
SHP01361,ITM0161,72,Inbound,2025-04-19
SHP01362,ITM0470,52,Outbound,2025-03-02
SHP01363,ITM0350,7,Outbound,2024-02-28
SHP01364,ITM0433,46,Outbound,2025-03-11
SHP01365,ITM0339,46,Inbound,2024-04-06
SHP01366,ITM0139,16,Outbound,2025-05-10
SHP01367,ITM0470,24,Inbound,2024-10-04
SHP01368,ITM0131,61,Outbound,2024-09-21
SHP01369,ITM0086,54,Outbound,2024-01-09
SHP01370,ITM0175,62,Inbound,2025-04-01
SHP01371,ITM0182,1,Outbound,2024-09-29
SHP01372,ITM0367,49,Inbound,2024-01-08
SHP01373,ITM0128,25,Outbound,2024-07-26
SHP01374,ITM0245,10,Inbound,2024-05-02
SHP01375,ITM0088,80,Outbound,2024-02-02
SHP01376,ITM0065,16,Outbound,2025-05-27
SHP01377,ITM0157,58,Outbound,2024-07-22
SHP01378,ITM0386,72,Inbound,2025-06-01
SHP01379,ITM0377,29,Inbound,2025-05-31
SHP01380,ITM0148,92,Inbound,2025-03-18
SHP01381,ITM0472,6,Outbound,2024-12-04
SHP01382,ITM0339,16,Inbound,2025-03-13
SHP01383,ITM0432,20,Inbound,2025-03-20
SHP01384,ITM0115,80,Inbound,2024-05-15
SHP01385,ITM0213,71,Inbound,2025-01-21
SHP01386,ITM0468,78,Inbound,2024-01-25
SHP01387,ITM0445,43,Inbound,2025-05-20
SHP01388,ITM0480,26,Inbound,2024-11-20
SHP01389,ITM0371,90,Inbound,2024-12-03
SHP01390,ITM0293,78,Inbound,2024-04-04
SHP01391,ITM0252,71,Inbound,2025-06-28
SHP01392,ITM0142,33,Outbound,2024-05-25
SHP01393,ITM0249,26,Outbound,2024-08-18
SHP01394,ITM0365,45,Inbound,2025-05-09
SHP01395,ITM0435,84,Outbound,2024-02-07
SHP01396,ITM0462,63,Outbound,2025-02-28
SHP01397,ITM0301,67,Inbound,2025-03-12
SHP01398,ITM0024,52,Inbound,2025-01-02
SHP01399,ITM0276,68,Inbound,2024-12-10
SHP01400,ITM0471,26,Outbound,2024-06-08
SHP01401,ITM0376,75,Inbound,2025-07-03
SHP01402,ITM0377,2,Outbound,2025-06-24
SHP01403,ITM0388,14,Inbound,2024-05-23
SHP01404,ITM0069,30,Outbound,2025-07-29
SHP01405,ITM0112,49,Outbound,2024-12-10
SHP01406,ITM0362,12,Inbound,2024-09-25
SHP01407,ITM0111,90,Inbound,2024-09-24
SHP01408,ITM0363,44,Outbound,2024-06-17
SHP01409,ITM0302,33,Outbound,2024-02-02
SHP01410,ITM0470,13,Inbound,2025-01-11
SHP01411,ITM0451,78,Inbound,2024-08-01
SHP01412,ITM0090,88,Outbound,2025-07-15
SHP01413,ITM0017,98,Inbound,2025-03-15
SHP01414,ITM0148,26,Outbound,2025-05-06
SHP01415,ITM0475,21,Inbound,2025-01-27
SHP01416,ITM0226,28,Inbound,2025-05-03
SHP01417,ITM0213,48,Inbound,2024-01-29
SHP01418,ITM0359,40,Outbound,2024-02-08
SHP01419,ITM0150,66,Inbound,2024-06-21
SHP01420,ITM0191,73,Outbound,2024-01-17
SHP01421,ITM0450,87,Inbound,2024-02-25
SHP01422,ITM0039,79,Outbound,2024-08-13
SHP01423,ITM0241,77,Outbound,2025-07-11
SHP01424,ITM0137,23,Inbound,2024-03-07
SHP01425,ITM0344,81,Outbound,2024-07-15
SHP01426,ITM0179,48,Outbound,2024-01-23
SHP01427,ITM0496,2,Outbound,2024-08-24
SHP01428,ITM0199,84,Outbound,2025-07-19
SHP01429,ITM0202,20,Inbound,2024-05-17
SHP01430,ITM0060,59,Inbound,2025-04-17
SHP01431,ITM0191,46,Inbound,2025-07-06
SHP01432,ITM0004,3,Outbound,2024-08-16
SHP01433,ITM0377,55,Outbound,2024-11-12
SHP01434,ITM0236,12,Inbound,2025-07-14
SHP01435,ITM0180,40,Inbound,2024-07-19
SHP01436,ITM0310,66,Outbound,2024-09-14
SHP01437,ITM0036,78,Inbound,2025-04-24
SHP01438,ITM0055,16,Inbound,2024-06-26
SHP01439,ITM0442,83,Outbound,2024-05-02
SHP01440,ITM0236,34,Inbound,2024-12-07
SHP01441,ITM0357,44,Outbound,2024-06-19
SHP01442,ITM0348,6,Inbound,2024-02-28
SHP01443,ITM0196,77,Outbound,2025-04-09
SHP01444,ITM0072,64,Outbound,2024-09-16
SHP01445,ITM0058,22,Outbound,2025-01-07
SHP01446,ITM0239,18,Outbound,2024-04-04
SHP01447,ITM0001,12,Outbound,2024-05-04
SHP01448,ITM0448,52,Inbound,2024-02-10
SHP01449,ITM0359,94,Inbound,2024-09-10
SHP01450,ITM0187,51,Inbound,2024-01-07
SHP01451,ITM0306,71,Outbound,2025-04-15
SHP01452,ITM0029,96,Inbound,2025-05-25
SHP01453,ITM0266,48,Outbound,2024-03-09
SHP01454,ITM0475,19,Outbound,2024-03-21
SHP01455,ITM0107,6,Inbound,2025-06-25
SHP01456,ITM0331,84,Outbound,2024-09-18
SHP01457,ITM0422,27,Inbound,2024-03-29
SHP01458,ITM0089,53,Outbound,2024-07-26
SHP01459,ITM0204,48,Outbound,2024-07-31
SHP01460,ITM0378,7,Inbound,2024-09-22
SHP01461,ITM0455,59,Outbound,2024-10-19
SHP01462,ITM0446,69,Inbound,2024-07-25
SHP01463,ITM0447,11,Outbound,2024-11-28
SHP01464,ITM0444,15,Inbound,2024-03-17
SHP01465,ITM0380,64,Outbound,2024-10-14
SHP01466,ITM0437,3,Inbound,2024-02-16
SHP01467,ITM0219,69,Inbound,2024-07-18
SHP01468,ITM0377,23,Outbound,2025-03-02
SHP01469,ITM0093,53,Inbound,2024-07-28
SHP01470,ITM0456,37,Outbound,2025-02-23
SHP01471,ITM0102,9,Outbound,2024-06-02
SHP01472,ITM0222,15,Inbound,2025-06-05
SHP01473,ITM0185,3,Inbound,2025-02-18
SHP01474,ITM0468,93,Inbound,2024-12-18
SHP01475,ITM0183,70,Inbound,2024-06-05
SHP01476,ITM0494,17,Inbound,2024-09-17
SHP01477,ITM0161,26,Outbound,2024-03-17
SHP01478,ITM0246,21,Inbound,2025-05-02
SHP01479,ITM0030,72,Outbound,2024-05-10
SHP01480,ITM0051,21,Inbound,2025-03-30
SHP01481,ITM0344,11,Inbound,2024-06-11
SHP01482,ITM0075,38,Inbound,2024-01-15
SHP01483,ITM0384,72,Outbound,2024-08-19
SHP01484,ITM0438,88,Inbound,2024-07-13
SHP01485,ITM0277,35,Outbound,2025-06-25
SHP01486,ITM0039,14,Outbound,2024-12-24
SHP01487,ITM0100,14,Outbound,2024-11-26
SHP01488,ITM0110,10,Inbound,2025-03-02
SHP01489,ITM0384,12,Outbound,2025-05-11
SHP01490,ITM0320,38,Inbound,2025-04-30
SHP01491,ITM0248,34,Outbound,2025-03-24
SHP01492,ITM0190,41,Inbound,2025-02-16
SHP01493,ITM0489,10,Outbound,2024-11-25
SHP01494,ITM0181,17,Inbound,2024-05-26
SHP01495,ITM0425,17,Inbound,2024-09-15
SHP01496,ITM0404,67,Inbound,2024-10-18
SHP01497,ITM0334,62,Outbound,2024-05-22
SHP01498,ITM0208,95,Outbound,2024-12-30
SHP01499,ITM0021,1,Inbound,2024-03-30
SHP01500,ITM0165,12,Outbound,2024-06-12
SHP01501,ITM0098,4,Outbound,2025-04-25
SHP01502,ITM0492,42,Outbound,2024-03-24
SHP01503,ITM0207,13,Outbound,2024-03-17
SHP01504,ITM0007,98,Outbound,2025-05-31
SHP01505,ITM0189,85,Outbound,2025-04-29
SHP01506,ITM0174,86,Outbound,2024-04-13
SHP01507,ITM0272,4,Inbound,2025-03-27
SHP01508,ITM0016,82,Inbound,2025-05-01
SHP01509,ITM0089,69,Outbound,2024-12-04
SHP01510,ITM0140,19,Inbound,2025-07-19
SHP01511,ITM0144,2,Inbound,2025-04-22
SHP01512,ITM0165,12,Inbound,2024-08-10
SHP01513,ITM0336,81,Outbound,2024-01-09
SHP01514,ITM0495,74,Outbound,2024-02-22
SHP01515,ITM0077,98,Outbound,2024-03-17
SHP01516,ITM0428,6,Outbound,2025-05-17
SHP01517,ITM0261,8,Outbound,2024-11-11
SHP01518,ITM0162,51,Inbound,2024-06-13
SHP01519,ITM0365,11,Outbound,2024-10-05
SHP01520,ITM0013,63,Inbound,2024-01-27
SHP01521,ITM0238,57,Outbound,2024-03-10
SHP01522,ITM0071,12,Inbound,2024-08-05
SHP01523,ITM0444,73,Outbound,2024-12-30
SHP01524,ITM0142,2,Outbound,2024-11-01
SHP01525,ITM0309,8,Outbound,2024-05-03
SHP01526,ITM0282,11,Outbound,2024-01-19
SHP01527,ITM0268,53,Outbound,2024-09-13
SHP01528,ITM0240,10,Outbound,2024-10-22
SHP01529,ITM0414,85,Inbound,2024-01-22
SHP01530,ITM0244,84,Outbound,2025-03-25
SHP01531,ITM0162,8,Inbound,2025-07-05
SHP01532,ITM0059,36,Outbound,2025-07-03
SHP01533,ITM0005,93,Inbound,2024-02-17
SHP01534,ITM0196,76,Inbound,2024-07-01
SHP01535,ITM0469,14,Inbound,2025-03-10
SHP01536,ITM0057,54,Inbound,2024-04-16
SHP01537,ITM0304,85,Inbound,2024-07-06
SHP01538,ITM0406,86,Inbound,2024-03-26
SHP01539,ITM0216,21,Outbound,2025-03-31
SHP01540,ITM0417,50,Inbound,2024-05-16
SHP01541,ITM0025,94,Outbound,2024-12-01
SHP01542,ITM0302,39,Outbound,2025-04-13
SHP01543,ITM0004,20,Inbound,2025-07-24
SHP01544,ITM0473,88,Inbound,2025-02-06
SHP01545,ITM0019,87,Outbound,2025-06-23
SHP01546,ITM0389,7,Inbound,2024-03-12
SHP01547,ITM0197,9,Inbound,2024-01-24
SHP01548,ITM0058,1,Inbound,2025-04-29
SHP01549,ITM0447,26,Inbound,2024-02-25
SHP01550,ITM0241,38,Inbound,2024-08-10
SHP01551,ITM0145,38,Inbound,2024-06-27
SHP01552,ITM0387,61,Inbound,2025-03-09
SHP01553,ITM0272,44,Outbound,2025-03-25
SHP01554,ITM0248,86,Inbound,2025-05-06
SHP01555,ITM0013,44,Outbound,2024-07-07
SHP01556,ITM0461,74,Outbound,2025-07-31
SHP01557,ITM0012,62,Outbound,2025-02-23
SHP01558,ITM0390,6,Outbound,2024-09-05
SHP01559,ITM0383,17,Inbound,2024-06-12
SHP01560,ITM0043,51,Outbound,2024-09-11
SHP01561,ITM0374,38,Outbound,2025-04-20
SHP01562,ITM0398,24,Outbound,2025-02-20
SHP01563,ITM0018,51,Outbound,2024-06-18
SHP01564,ITM0062,10,Outbound,2024-11-12
SHP01565,ITM0490,72,Inbound,2024-06-22
SHP01566,ITM0238,21,Inbound,2025-04-14
SHP01567,ITM0491,70,Outbound,2024-12-10
SHP01568,ITM0418,85,Inbound,2025-03-20
SHP01569,ITM0336,57,Inbound,2024-01-18
SHP01570,ITM0418,39,Outbound,2024-03-10
SHP01571,ITM0402,88,Outbound,2024-12-03
SHP01572,ITM0403,33,Outbound,2025-06-10
SHP01573,ITM0099,59,Inbound,2025-03-31
SHP01574,ITM0162,18,Outbound,2024-09-25
SHP01575,ITM0415,56,Inbound,2024-07-06
SHP01576,ITM0121,92,Inbound,2025-07-22
SHP01577,ITM0431,57,Inbound,2025-06-12
SHP01578,ITM0043,96,Outbound,2025-03-09
SHP01579,ITM0359,76,Inbound,2024-10-14
SHP01580,ITM0407,48,Outbound,2025-07-20
SHP01581,ITM0316,42,Outbound,2025-05-13
SHP01582,ITM0380,27,Outbound,2025-03-16
SHP01583,ITM0144,74,Outbound,2024-10-29
SHP01584,ITM0326,52,Outbound,2024-03-27
SHP01585,ITM0362,42,Inbound,2025-03-13
SHP01586,ITM0049,32,Inbound,2025-06-24
SHP01587,ITM0064,26,Inbound,2024-01-22
SHP01588,ITM0354,25,Inbound,2025-07-13
SHP01589,ITM0287,75,Inbound,2025-05-31
SHP01590,ITM0163,23,Outbound,2025-05-17
SHP01591,ITM0140,98,Outbound,2025-04-11
SHP01592,ITM0453,57,Inbound,2024-04-10
SHP01593,ITM0313,52,Inbound,2024-05-20
SHP01594,ITM0127,87,Inbound,2024-05-17
SHP01595,ITM0397,93,Outbound,2025-07-31
SHP01596,ITM0420,31,Outbound,2024-08-15
SHP01597,ITM0367,64,Outbound,2024-10-07
SHP01598,ITM0462,71,Inbound,2025-03-06
SHP01599,ITM0238,33,Inbound,2024-02-09
SHP01600,ITM0323,85,Inbound,2025-06-02
SHP01601,ITM0295,2,Inbound,2024-07-29
SHP01602,ITM0186,18,Outbound,2024-10-28
SHP01603,ITM0207,47,Inbound,2024-03-26
SHP01604,ITM0219,33,Inbound,2025-01-31
SHP01605,ITM0399,98,Inbound,2024-09-09
SHP01606,ITM0189,84,Outbound,2025-06-16
SHP01607,ITM0387,35,Outbound,2025-01-15
SHP01608,ITM0428,51,Inbound,2025-03-19
SHP01609,ITM0345,18,Outbound,2024-02-02
SHP01610,ITM0283,88,Outbound,2024-09-16
SHP01611,ITM0351,72,Outbound,2024-08-21
SHP01612,ITM0236,30,Outbound,2025-05-29
SHP01613,ITM0193,44,Outbound,2024-11-03
SHP01614,ITM0286,53,Inbound,2024-03-10
SHP01615,ITM0258,10,Inbound,2025-03-29
SHP01616,ITM0245,87,Inbound,2025-03-14
SHP01617,ITM0135,52,Outbound,2024-12-29
SHP01618,ITM0279,49,Outbound,2025-04-25
SHP01619,ITM0270,11,Outbound,2024-05-23
SHP01620,ITM0170,66,Outbound,2024-01-24
SHP01621,ITM0158,58,Inbound,2025-02-28
SHP01622,ITM0200,90,Inbound,2024-06-23
SHP01623,ITM0486,36,Inbound,2024-11-20
SHP01624,ITM0044,33,Inbound,2024-12-13
SHP01625,ITM0449,47,Inbound,2024-01-18
SHP01626,ITM0263,13,Inbound,2024-02-13
SHP01627,ITM0070,40,Outbound,2024-06-03
SHP01628,ITM0363,89,Outbound,2025-01-11
SHP01629,ITM0370,68,Inbound,2025-02-05
SHP01630,ITM0102,42,Outbound,2024-08-12
SHP01631,ITM0489,19,Inbound,2024-08-04
SHP01632,ITM0124,82,Inbound,2025-07-21
SHP01633,ITM0312,94,Outbound,2024-01-31
SHP01634,ITM0463,19,Inbound,2024-02-28
SHP01635,ITM0482,58,Inbound,2024-12-18
SHP01636,ITM0285,23,Inbound,2025-03-20
SHP01637,ITM0457,54,Outbound,2024-08-22
SHP01638,ITM0229,80,Outbound,2024-04-16
SHP01639,ITM0145,65,Outbound,2024-07-09
SHP01640,ITM0369,12,Outbound,2025-06-13
SHP01641,ITM0196,24,Inbound,2025-07-19
SHP01642,ITM0372,34,Outbound,2024-09-01
SHP01643,ITM0220,53,Outbound,2024-03-16
SHP01644,ITM0422,8,Outbound,2025-06-30
SHP01645,ITM0059,18,Inbound,2024-09-23
SHP01646,ITM0097,57,Outbound,2024-11-12
SHP01647,ITM0170,5,Outbound,2024-04-30
SHP01648,ITM0381,26,Inbound,2024-01-25
SHP01649,ITM0172,30,Inbound,2025-03-07
SHP01650,ITM0150,54,Inbound,2024-06-08
SHP01651,ITM0452,13,Inbound,2024-04-23
SHP01652,ITM0349,83,Outbound,2025-05-16
SHP01653,ITM0389,29,Inbound,2024-06-14
SHP01654,ITM0439,3,Outbound,2024-06-23
SHP01655,ITM0121,90,Outbound,2024-01-01
SHP01656,ITM0493,58,Outbound,2024-03-26
SHP01657,ITM0107,76,Outbound,2025-07-27
SHP01658,ITM0003,2,Outbound,2024-11-15
SHP01659,ITM0092,75,Inbound,2025-02-04
SHP01660,ITM0406,28,Outbound,2025-01-16
SHP01661,ITM0005,82,Outbound,2024-11-13
SHP01662,ITM0287,77,Outbound,2024-09-06
SHP01663,ITM0105,86,Inbound,2025-06-08
SHP01664,ITM0145,76,Outbound,2025-07-08
SHP01665,ITM0270,2,Outbound,2024-09-12
SHP01666,ITM0423,7,Inbound,2024-11-02
SHP01667,ITM0377,26,Outbound,2024-05-23
SHP01668,ITM0095,90,Outbound,2025-01-25
SHP01669,ITM0456,88,Inbound,2024-06-17
SHP01670,ITM0228,76,Outbound,2024-10-24
SHP01671,ITM0201,16,Outbound,2024-08-20
SHP01672,ITM0211,23,Outbound,2024-09-27
SHP01673,ITM0005,40,Outbound,2024-02-29
SHP01674,ITM0111,60,Outbound,2024-10-22
SHP01675,ITM0375,73,Inbound,2025-04-11
SHP01676,ITM0378,32,Inbound,2024-08-22
SHP01677,ITM0446,15,Inbound,2024-08-21
SHP01678,ITM0322,13,Outbound,2025-01-02
SHP01679,ITM0105,5,Outbound,2024-08-19
SHP01680,ITM0138,75,Outbound,2025-05-05
SHP01681,ITM0298,74,Inbound,2025-05-17
SHP01682,ITM0400,52,Outbound,2025-01-15
SHP01683,ITM0095,77,Outbound,2025-03-03
SHP01684,ITM0387,41,Outbound,2024-12-29
SHP01685,ITM0446,53,Inbound,2024-07-20
SHP01686,ITM0451,50,Inbound,2024-05-25
SHP01687,ITM0336,15,Outbound,2025-04-01
SHP01688,ITM0296,7,Outbound,2024-05-14
SHP01689,ITM0466,40,Outbound,2024-09-20
SHP01690,ITM0388,28,Inbound,2024-03-04
SHP01691,ITM0415,32,Inbound,2025-05-05
SHP01692,ITM0213,99,Inbound,2024-02-10
SHP01693,ITM0453,15,Outbound,2024-10-22
SHP01694,ITM0290,85,Inbound,2024-01-03
SHP01695,ITM0021,70,Outbound,2024-04-19
SHP01696,ITM0192,65,Outbound,2024-08-08
SHP01697,ITM0467,4,Inbound,2025-01-04
SHP01698,ITM0149,11,Outbound,2025-01-02
SHP01699,ITM0367,26,Inbound,2025-03-11
SHP01700,ITM0246,61,Outbound,2024-01-04
SHP01701,ITM0266,37,Outbound,2024-08-31
SHP01702,ITM0460,23,Inbound,2024-06-14
SHP01703,ITM0250,93,Outbound,2024-01-26
SHP01704,ITM0489,85,Outbound,2025-01-29
SHP01705,ITM0002,91,Outbound,2025-04-18
SHP01706,ITM0392,40,Outbound,2024-01-17
SHP01707,ITM0315,77,Outbound,2024-04-01
SHP01708,ITM0075,23,Outbound,2025-04-27
SHP01709,ITM0086,16,Outbound,2025-06-26
SHP01710,ITM0269,94,Outbound,2024-07-23
SHP01711,ITM0224,61,Inbound,2025-05-16
SHP01712,ITM0017,68,Inbound,2025-02-03
SHP01713,ITM0112,80,Outbound,2024-07-25
SHP01714,ITM0250,31,Outbound,2024-05-25
SHP01715,ITM0232,53,Inbound,2024-04-10
SHP01716,ITM0328,25,Outbound,2024-08-28
SHP01717,ITM0278,44,Inbound,2024-06-11
SHP01718,ITM0201,12,Inbound,2024-06-21
SHP01719,ITM0082,90,Inbound,2025-05-16
SHP01720,ITM0124,97,Outbound,2025-06-30
SHP01721,ITM0174,92,Outbound,2024-10-10
SHP01722,ITM0068,9,Outbound,2024-12-24
SHP01723,ITM0046,12,Inbound,2025-01-15
SHP01724,ITM0371,69,Inbound,2025-06-16
SHP01725,ITM0255,54,Inbound,2024-06-11
SHP01726,ITM0214,54,Outbound,2024-11-02
SHP01727,ITM0029,28,Inbound,2024-12-04
SHP01728,ITM0280,56,Inbound,2024-02-24
SHP01729,ITM0411,99,Outbound,2024-11-28
SHP01730,ITM0481,69,Inbound,2024-05-06
SHP01731,ITM0236,98,Inbound,2024-08-30
SHP01732,ITM0247,98,Outbound,2025-02-12
SHP01733,ITM0367,77,Outbound,2025-05-17
SHP01734,ITM0494,58,Inbound,2024-10-29
SHP01735,ITM0024,78,Outbound,2025-04-08
SHP01736,ITM0073,75,Inbound,2024-08-22
SHP01737,ITM0205,42,Outbound,2024-02-07
SHP01738,ITM0489,38,Inbound,2024-05-18
SHP01739,ITM0493,68,Outbound,2024-07-13
SHP01740,ITM0313,53,Inbound,2025-06-10
SHP01741,ITM0093,33,Outbound,2024-01-01
SHP01742,ITM0374,71,Outbound,2025-07-14
SHP01743,ITM0126,56,Outbound,2024-04-05
SHP01744,ITM0424,72,Outbound,2025-02-16
SHP01745,ITM0024,51,Outbound,2025-06-21
SHP01746,ITM0333,74,Outbound,2025-03-04
SHP01747,ITM0354,43,Outbound,2024-08-22
SHP01748,ITM0115,15,Inbound,2024-12-14
SHP01749,ITM0047,38,Inbound,2025-04-25
SHP01750,ITM0225,15,Outbound,2025-01-30
SHP01751,ITM0265,5,Outbound,2024-12-16
SHP01752,ITM0098,93,Inbound,2025-02-19
SHP01753,ITM0458,83,Inbound,2024-02-20
SHP01754,ITM0010,54,Outbound,2024-03-21
SHP01755,ITM0084,51,Inbound,2024-02-05
SHP01756,ITM0404,10,Inbound,2024-03-07
SHP01757,ITM0213,12,Outbound,2025-04-25
SHP01758,ITM0172,4,Outbound,2025-04-12
SHP01759,ITM0390,95,Outbound,2024-05-21
SHP01760,ITM0208,18,Inbound,2024-12-21
SHP01761,ITM0447,80,Outbound,2025-04-15
SHP01762,ITM0381,36,Outbound,2025-03-14
SHP01763,ITM0063,25,Inbound,2025-06-14
SHP01764,ITM0257,87,Outbound,2024-05-06
SHP01765,ITM0331,76,Inbound,2024-07-23
SHP01766,ITM0120,98,Inbound,2024-01-29
SHP01767,ITM0297,36,Inbound,2025-03-20
SHP01768,ITM0465,67,Inbound,2025-04-08
SHP01769,ITM0053,9,Inbound,2024-10-06
SHP01770,ITM0330,61,Inbound,2024-05-30
SHP01771,ITM0271,53,Outbound,2024-08-27
SHP01772,ITM0240,18,Outbound,2024-09-22
SHP01773,ITM0242,43,Outbound,2024-04-14
SHP01774,ITM0017,35,Inbound,2025-03-08
SHP01775,ITM0482,63,Outbound,2025-05-11
SHP01776,ITM0186,98,Inbound,2025-03-15
SHP01777,ITM0345,78,Outbound,2024-06-06
SHP01778,ITM0143,4,Inbound,2024-06-20
SHP01779,ITM0261,93,Outbound,2025-05-08
SHP01780,ITM0440,41,Inbound,2024-11-06
SHP01781,ITM0363,45,Outbound,2025-02-06
SHP01782,ITM0490,50,Inbound,2025-04-07
SHP01783,ITM0430,79,Outbound,2025-01-01
SHP01784,ITM0238,28,Inbound,2025-07-03
SHP01785,ITM0303,42,Outbound,2024-09-11
SHP01786,ITM0297,80,Outbound,2024-07-26
SHP01787,ITM0075,76,Outbound,2025-03-25
SHP01788,ITM0187,69,Inbound,2024-04-04
SHP01789,ITM0332,98,Inbound,2025-04-22
SHP01790,ITM0387,1,Inbound,2024-07-08
SHP01791,ITM0486,39,Inbound,2025-04-28
SHP01792,ITM0245,96,Inbound,2025-06-19
SHP01793,ITM0129,90,Outbound,2025-02-26
SHP01794,ITM0473,17,Inbound,2024-05-12
SHP01795,ITM0314,91,Outbound,2024-02-24
SHP01796,ITM0410,88,Outbound,2025-05-24
SHP01797,ITM0282,35,Inbound,2025-06-24
SHP01798,ITM0078,46,Outbound,2025-02-13
SHP01799,ITM0071,42,Inbound,2024-07-29
SHP01800,ITM0262,39,Inbound,2024-10-19
SHP01801,ITM0190,90,Inbound,2024-04-24
SHP01802,ITM0366,49,Outbound,2024-09-15
SHP01803,ITM0374,62,Inbound,2024-05-01
SHP01804,ITM0429,38,Inbound,2024-10-25
SHP01805,ITM0062,23,Inbound,2025-01-15
SHP01806,ITM0487,22,Outbound,2025-07-14
SHP01807,ITM0379,4,Inbound,2025-05-15
SHP01808,ITM0011,49,Outbound,2024-10-23
SHP01809,ITM0140,59,Outbound,2024-12-27
SHP01810,ITM0253,73,Inbound,2025-04-07
SHP01811,ITM0042,68,Outbound,2025-03-13
SHP01812,ITM0016,71,Outbound,2024-05-06
SHP01813,ITM0062,87,Inbound,2024-07-15
SHP01814,ITM0252,2,Inbound,2024-08-08
SHP01815,ITM0464,49,Inbound,2024-03-31
SHP01816,ITM0375,88,Outbound,2025-02-14
SHP01817,ITM0291,95,Inbound,2024-01-08
SHP01818,ITM0468,31,Outbound,2025-06-27
SHP01819,ITM0007,40,Outbound,2025-04-12
SHP01820,ITM0324,48,Outbound,2024-11-15
SHP01821,ITM0089,51,Outbound,2025-01-28
SHP01822,ITM0207,43,Outbound,2024-09-25
SHP01823,ITM0291,98,Inbound,2024-07-09
SHP01824,ITM0283,55,Inbound,2024-03-01
SHP01825,ITM0117,88,Outbound,2025-03-13
SHP01826,ITM0348,49,Outbound,2024-09-20
SHP01827,ITM0174,90,Inbound,2024-04-04
SHP01828,ITM0075,80,Inbound,2025-07-06
SHP01829,ITM0100,57,Outbound,2025-04-14
SHP01830,ITM0413,77,Outbound,2025-05-28
SHP01831,ITM0150,15,Inbound,2024-07-12
SHP01832,ITM0399,27,Inbound,2025-04-26
SHP01833,ITM0269,68,Outbound,2024-12-01
SHP01834,ITM0457,80,Inbound,2025-03-10
SHP01835,ITM0070,64,Inbound,2024-07-14
SHP01836,ITM0492,94,Outbound,2024-09-05
SHP01837,ITM0179,30,Outbound,2025-05-12
SHP01838,ITM0123,36,Outbound,2024-07-30
SHP01839,ITM0380,67,Inbound,2025-04-10
SHP01840,ITM0292,86,Outbound,2024-08-08
SHP01841,ITM0284,86,Inbound,2024-09-29
SHP01842,ITM0194,49,Outbound,2024-06-02
SHP01843,ITM0398,76,Outbound,2024-09-05
SHP01844,ITM0227,55,Inbound,2024-10-05
SHP01845,ITM0430,85,Inbound,2025-03-15
SHP01846,ITM0429,56,Outbound,2024-10-02
SHP01847,ITM0435,68,Outbound,2025-05-28
SHP01848,ITM0274,95,Inbound,2024-03-28
SHP01849,ITM0460,44,Outbound,2025-05-19
SHP01850,ITM0105,31,Inbound,2024-08-28
SHP01851,ITM0020,58,Inbound,2024-08-23
SHP01852,ITM0063,87,Outbound,2024-05-07
SHP01853,ITM0164,53,Inbound,2025-05-17
SHP01854,ITM0026,84,Inbound,2024-07-18
SHP01855,ITM0310,79,Inbound,2025-06-26
SHP01856,ITM0499,23,Outbound,2025-05-16
SHP01857,ITM0284,28,Inbound,2025-05-06
SHP01858,ITM0147,16,Outbound,2024-01-21
SHP01859,ITM0280,37,Outbound,2024-08-21
SHP01860,ITM0325,21,Outbound,2025-02-19
SHP01861,ITM0318,79,Inbound,2024-05-27
SHP01862,ITM0163,17,Inbound,2024-01-29
SHP01863,ITM0385,37,Outbound,2024-12-26
SHP01864,ITM0405,77,Outbound,2024-11-03
SHP01865,ITM0223,19,Inbound,2024-06-10
SHP01866,ITM0271,30,Outbound,2024-03-01
SHP01867,ITM0145,45,Outbound,2024-05-04
SHP01868,ITM0452,18,Inbound,2025-03-31
SHP01869,ITM0437,78,Outbound,2024-03-11
SHP01870,ITM0355,62,Inbound,2025-04-10
SHP01871,ITM0029,36,Inbound,2024-08-30
SHP01872,ITM0044,84,Outbound,2025-05-04
SHP01873,ITM0274,52,Inbound,2024-08-08
SHP01874,ITM0470,19,Inbound,2025-04-17
SHP01875,ITM0033,44,Inbound,2025-06-16
SHP01876,ITM0140,7,Outbound,2025-05-08
SHP01877,ITM0426,44,Outbound,2024-03-22
SHP01878,ITM0317,68,Outbound,2025-06-05
SHP01879,ITM0373,34,Inbound,2024-01-12
SHP01880,ITM0220,66,Inbound,2024-09-19
SHP01881,ITM0355,69,Outbound,2025-03-24
SHP01882,ITM0021,55,Outbound,2024-07-10
SHP01883,ITM0179,10,Inbound,2024-04-23
SHP01884,ITM0435,96,Outbound,2024-01-26
SHP01885,ITM0366,42,Outbound,2025-05-13
SHP01886,ITM0419,41,Outbound,2025-05-22
SHP01887,ITM0328,77,Outbound,2025-06-28
SHP01888,ITM0230,69,Outbound,2024-03-02
SHP01889,ITM0498,10,Inbound,2024-08-16
SHP01890,ITM0402,10,Outbound,2024-02-04
SHP01891,ITM0037,91,Outbound,2025-03-31
SHP01892,ITM0069,60,Inbound,2025-05-16
SHP01893,ITM0115,51,Inbound,2024-01-25
SHP01894,ITM0238,21,Inbound,2025-07-22
SHP01895,ITM0334,8,Inbound,2024-02-01
SHP01896,ITM0440,65,Outbound,2024-01-12
SHP01897,ITM0147,92,Outbound,2024-11-14
SHP01898,ITM0008,78,Outbound,2024-01-01
SHP01899,ITM0287,85,Outbound,2025-03-10
SHP01900,ITM0387,30,Inbound,2024-05-15
SHP01901,ITM0049,85,Inbound,2024-07-14
SHP01902,ITM0337,49,Outbound,2024-05-12
SHP01903,ITM0004,9,Outbound,2024-03-26
SHP01904,ITM0403,17,Outbound,2025-04-20
SHP01905,ITM0342,69,Outbound,2024-11-19
SHP01906,ITM0125,58,Inbound,2024-06-28
SHP01907,ITM0074,57,Outbound,2025-05-30
SHP01908,ITM0164,62,Inbound,2024-06-23
SHP01909,ITM0277,95,Inbound,2024-01-21
SHP01910,ITM0441,52,Inbound,2024-04-14
SHP01911,ITM0323,61,Inbound,2025-07-31
SHP01912,ITM0476,40,Outbound,2025-03-18
SHP01913,ITM0299,38,Outbound,2024-02-18
SHP01914,ITM0289,43,Outbound,2025-06-11
SHP01915,ITM0076,63,Outbound,2024-05-24
SHP01916,ITM0297,19,Inbound,2024-12-05
SHP01917,ITM0136,50,Inbound,2024-12-19
SHP01918,ITM0105,33,Inbound,2024-03-15
SHP01919,ITM0094,13,Outbound,2025-07-31
SHP01920,ITM0134,78,Inbound,2024-11-14
SHP01921,ITM0067,97,Inbound,2024-03-27
SHP01922,ITM0146,62,Inbound,2025-07-06
SHP01923,ITM0489,93,Inbound,2024-02-11
SHP01924,ITM0477,43,Outbound,2024-04-02
SHP01925,ITM0158,49,Inbound,2025-05-21
SHP01926,ITM0383,36,Inbound,2025-06-12
SHP01927,ITM0162,10,Outbound,2024-09-21
SHP01928,ITM0440,95,Outbound,2024-10-18
SHP01929,ITM0340,6,Outbound,2025-04-08
SHP01930,ITM0188,57,Inbound,2025-07-13
SHP01931,ITM0414,1,Inbound,2024-04-06
SHP01932,ITM0338,71,Inbound,2024-04-04
SHP01933,ITM0094,58,Inbound,2024-11-21
SHP01934,ITM0180,91,Outbound,2024-03-14
SHP01935,ITM0287,21,Inbound,2024-12-01
SHP01936,ITM0321,92,Inbound,2024-03-08
SHP01937,ITM0186,80,Outbound,2024-03-17
SHP01938,ITM0371,56,Outbound,2024-07-26
SHP01939,ITM0137,87,Outbound,2024-08-08
SHP01940,ITM0129,20,Inbound,2024-09-18
SHP01941,ITM0193,54,Inbound,2025-02-13
SHP01942,ITM0315,25,Inbound,2024-11-26
SHP01943,ITM0471,28,Inbound,2024-12-09
SHP01944,ITM0272,5,Inbound,2024-03-14
SHP01945,ITM0351,21,Outbound,2024-09-10
SHP01946,ITM0143,18,Outbound,2024-11-27
SHP01947,ITM0015,47,Inbound,2025-02-01
SHP01948,ITM0301,70,Inbound,2024-12-10
SHP01949,ITM0422,57,Inbound,2025-03-30
SHP01950,ITM0244,93,Inbound,2024-04-24
SHP01951,ITM0414,19,Inbound,2024-11-08
SHP01952,ITM0106,97,Outbound,2024-08-15
SHP01953,ITM0087,65,Outbound,2024-09-01
SHP01954,ITM0128,3,Outbound,2025-06-09
SHP01955,ITM0394,42,Inbound,2025-06-11
SHP01956,ITM0374,21,Inbound,2025-03-02
SHP01957,ITM0340,99,Outbound,2024-02-11
SHP01958,ITM0003,40,Outbound,2025-04-09
SHP01959,ITM0326,67,Inbound,2024-10-04
SHP01960,ITM0409,25,Outbound,2024-01-19
SHP01961,ITM0366,55,Outbound,2024-03-06
SHP01962,ITM0305,84,Inbound,2024-06-15
SHP01963,ITM0395,52,Outbound,2025-02-06
SHP01964,ITM0094,44,Outbound,2025-02-12
SHP01965,ITM0208,98,Outbound,2024-04-21
SHP01966,ITM0224,85,Inbound,2024-09-30
SHP01967,ITM0458,56,Outbound,2025-02-10
SHP01968,ITM0347,55,Outbound,2025-01-07
SHP01969,ITM0479,87,Outbound,2024-02-08
SHP01970,ITM0320,70,Inbound,2024-04-14
SHP01971,ITM0046,77,Inbound,2024-11-19
SHP01972,ITM0475,87,Outbound,2025-02-17
SHP01973,ITM0180,73,Inbound,2025-03-04
SHP01974,ITM0105,81,Outbound,2024-03-01
SHP01975,ITM0198,66,Inbound,2024-11-02
SHP01976,ITM0385,19,Inbound,2024-12-19
SHP01977,ITM0105,83,Outbound,2025-01-27
SHP01978,ITM0279,7,Outbound,2024-07-22
SHP01979,ITM0259,63,Outbound,2024-09-14
SHP01980,ITM0107,42,Inbound,2025-04-30
SHP01981,ITM0018,42,Outbound,2025-05-31
SHP01982,ITM0409,59,Inbound,2025-03-21
SHP01983,ITM0458,20,Inbound,2024-06-28
SHP01984,ITM0295,73,Outbound,2024-12-07
SHP01985,ITM0305,17,Inbound,2024-05-12
SHP01986,ITM0170,27,Outbound,2025-03-18
SHP01987,ITM0330,47,Inbound,2024-09-09
SHP01988,ITM0492,2,Outbound,2024-09-21
SHP01989,ITM0194,63,Inbound,2024-04-02
SHP01990,ITM0011,62,Inbound,2025-02-14
SHP01991,ITM0194,19,Outbound,2024-05-17
SHP01992,ITM0489,17,Inbound,2024-07-26
SHP01993,ITM0282,69,Outbound,2025-07-26
SHP01994,ITM0368,39,Inbound,2024-11-02
SHP01995,ITM0181,82,Inbound,2024-09-22
SHP01996,ITM0449,71,Inbound,2024-11-13
SHP01997,ITM0304,81,Outbound,2024-04-22
SHP01998,ITM0143,39,Outbound,2025-01-12
SHP01999,ITM0385,36,Outbound,2025-03-29
